	Completeness	Name	Class	Definition
M00001	1.0	Glycolysis (Embden-Meyerhof pathway), glucose => pyruvate	Pathway modules; Carbohydrate metabolism; Central carbohydrate metabolism	(K00844,K12407,K00845,K25026,K00886,K08074,K00918) (K01810,K06859,K13810,K15916) (K00850,K16370,K21071,K24182,K00918) (K01623,K01624,K11645,K16305,K16306) K01803 ((K00134,K00150) K00927,K11389) (K01834,K15633,K15634,K15635) (K01689,K27394) (K00873,K12406) K00886 polyphosphate glucokinase
M00002	1.0	Glycolysis, core module involving three-carbon compounds	Pathway modules; Carbohydrate metabolism; Central carbohydrate metabolism	K01803 ((K00134,K00150) K00927,K11389) (K01834,K15633,K15634,K15635) (K01689,K27394) (K00873,K12406) K00134,K00150 glyceraldehyde 3-phosphate dehydrogenase
M00003	1.0	Gluconeogenesis, oxaloacetate => fructose-6P	Pathway modules; Carbohydrate metabolism; Central carbohydrate metabolism	(K01596,K01610) (K01689,K27394) (K01834,K15633,K15634,K15635) K00927 (K00134,K00150) K01803 ((K01623,K01624,K11645) (K03841,K02446,K11532,K01086,K04041),K01622) K01689,K27394 enolase
M00005	1.0	PRPP biosynthesis, ribose 5P => PRPP	Pathway modules; Carbohydrate metabolism; Central carbohydrate metabolism	K00948
M00034	1.0	Methionine salvage pathway	Pathway modules; Amino acid metabolism; Cysteine and methionine metabolism	K00789 K01611 K00797 ((K01243,K01244) K00899,(K00772,K05810)) K08963 (K16054,K08964 (K09880,K08965 K08966)) K08967 (K00815,K08969,K23977,K00832,K00838) K01611 S-adenosylmethionine decarboxylase
M00026	1.0	Histidine biosynthesis, PRPP => histidine	Pathway modules; Amino acid metabolism; Histidine metabolism	(K00765-K02502) (K01523 K01496,K11755,K14152) (K01814,K24017) (K02501+K02500,K01663) ((K01693 K00817 (K04486,K05602,K18649)),(K01089 K00817)) (K00013,K14152) K01523,K11755,K14152 phosphoribosyl-ATP pyrophosphohydrolase
M00052	1.0	Pyrimidine ribonucleotide biosynthesis, UMP => UDP/UTP,CDP/CTP	Pathway modules; Nucleotide metabolism; Pyrimidine metabolism	(K13800,K13809,K09903) (K00940,K18533) K01937 K09903 uridylate kinase
M00049	1.0	Adenine ribonucleotide biosynthesis, IMP => ADP,ATP	Pathway modules; Nucleotide metabolism; Purine metabolism	K01939 K01756 (K00939,K18532,K18533,K00944) K00940 K01756 adenylosuccinate lyase
M00133	1.0	Polyamine biosynthesis, arginine => agmatine => putrescine => spermidine	Pathway modules; Amino acid metabolism; Polyamine biosynthesis	(K01584,K01585,K02626) K01480 K01611 K00797 K01480 agmatinase
M00122	1.0	Cobalamin biosynthesis, cobyrinate a,c-diamide => cobalamin	Pathway modules; Metabolism of cofactors and vitamins; Cofactor and vitamin metabolism	(K00798,K19221) K02232 (K02225,K02227) K02231 K00768 (K02226,K22316) K02233 K02232 adenosylcobyric acid synthase
M00307	1.0	Pyruvate oxidation, pyruvate => acetyl-CoA	Pathway modules; Carbohydrate metabolism; Central carbohydrate metabolism	((K00163,K00161+K00162)+K00627+K00382-K13997),K00169+K00170+K00171+(K00172,K00189),K03737 K00169,K00170,K00171,K00172,K00189,K03737 pyruvate:ferredoxin oxidoreductase
M00173	1.0	Reductive citrate cycle (Arnon-Buchanan cycle)	Pathway modules; Energy metabolism; Carbon fixation	(K00169+K00170+K00171+K00172,K03737) ((K01007,K01006) K01595,K01959+K01960,K01958) K00024 (K01676,K01679,K01677+K01678) (K00239+K00240-K00241-K00242,K18556+K18557+K18558+K18559+K18560) (K01902+K01903) (K00174+K00175-K00177-K00176) K00031 (K01681,K27802,K01682) (K15230+K15231,K15232+K15233 K15234) K03737 pyruvate-ferredoxin/flavodoxin oxidoreductase
M01000	1.0	GDP-Man biosynthesis, Fru-6P => GDP-Man	Pathway modules; Glycan metabolism; Nucleotide sugar biosynthesis	(K01809,K15916,K16011) (K17497,K01840,K15778,K16881) (K00966,K00971,K16011,K16881) K16011 mannose-1-phosphate guanylyltransferase / mannose-6-phosphate isomerase
M00986	1.0	Sulfur reduction, sulfur => sulfide	Pathway modules; Energy metabolism; Sulfur metabolism	K18367,(K17219+K17220+K17221) K17219 sreA; sulfur reductase molybdopterin subunit
M00872	1.0	O-glycan biosynthesis, mannose type (core M3)	Pathway modules; Glycan metabolism; Glycan biosynthesis	K00728 K18207 K09654 K17547 K21031 K19872 K19873 K21052 K21032 K09668 K18207 POMGNT2; protein O-mannose beta-1,4-N-acetylglucosaminyltransferase
M00873	1.0	Fatty acid biosynthesis in mitochondria, animals	Pathway modules; Lipid metabolism; Fatty acid metabolism	K18660 K03955+K00645 K09458 K11539+K13370 K22540 K07512 K03955 NADH dehydrogenase (ubiquinone) 1 alpha/beta subcomplex 1, acyl-carrier protein K00645 [acyl-carrier-protein] S-malonyltransferase
M00874	1.0	Fatty acid biosynthesis in mitochondria, fungi	Pathway modules; Lipid metabolism; Fatty acid metabolism	K11262 K03955+K00645 K09458 K00059 K22541 K07512 K03955 NADH dehydrogenase (ubiquinone) 1 alpha/beta subcomplex 1, acyl-carrier protein K00645 [acyl-carrier-protein] S-malonyltransferase
M00880	1.0	Molybdenum cofactor biosynthesis, GTP => molybdenum cofactor	Pathway modules; Metabolism of cofactors and vitamins; Cofactor and vitamin metabolism	((K03639 K03637),K20967) (K03635,K21142) (((K03831,K03638) K03750),K15376) K03637 cyclic pyranopterin monophosphate synthase
M00854	1.0	Glycogen biosynthesis, glucose-1P => glycogen/starch	Pathway modules; Carbohydrate metabolism; Other carbohydrate metabolism	(K00963 (K00693+K00750,K16150,K16153,K13679,K20812)),(K00975 (K00703,K13679,K20812)) (K00700,K16149) K00693,K00750,K16150,K16153 glycogen synthase
M00862	1.0	beta-Oxidation, peroxisome, tri/dihydroxycholestanoyl-CoA => choloyl/chenodeoxycholoyl-CoA	Pathway modules; Lipid metabolism; Sterol biosynthesis	K10214 K12405 K08764 K12405 (3R)-3-hydroxyacyl-CoA dehydrogenase / 3a,7a,12a-trihydroxy-5b-cholest-24-enoyl-CoA hydratase
M00909	1.0	UDP-GlcNAc biosynthesis, prokaryotes, Fru-6P => UDP-GlcNAc	Pathway modules; Glycan metabolism; Nucleotide sugar biosynthesis	K00820 (K03431,K28126) (K04042,K23144,(K28192 (K11528,K00972))) K03431,K28126 phosphoglucosamine mutase
M00896	1.0	Thiamine biosynthesis, archaea, AIR (+ NAD+) => TMP/TPP	Pathway modules; Metabolism of cofactors and vitamins; Cofactor and vitamin metabolism	K22699 K03147 (K00941 (K00788,K21220),K21219) K00946 K03147 thiC; phosphomethylpyrimidine synthase
M00621	1.0	Glycine cleavage system	Pathway modules; Amino acid metabolism; Serine and threonine metabolism	(K00281,K00282+K00283) K00605 K00382 K00605 aminomethyltransferase (T protein)
M00622	1.0	Nicotinate degradation, nicotinate => fumarate	Pathway modules; Metabolism of cofactors and vitamins; Cofactor and vitamin metabolism	K18029+K18030 K14974 K18028 K15357 K13995 K01799 K14974 6-hydroxynicotinate 3-monooxygenase
M00617	1.0	Methanogen	Signature modules; Module set; Metabolic capacity	M00567,M00357,M00356,M00563 K00205,K11260,K00204 4Fe-4S ferredoxin K00672
M00624	1.0	Terephthalate degradation, terephthalate => 3,4-dihydroxybenzoate	Pathway modules; Xenobiotics biodegradation; Aromatics degradation	K18074+K18075+K18077 K18076 K18076 1,2-dihydroxy-3,5-cyclohexadiene-1,4-dicarboxylate dehydrogenase
M00544	1.0	Carbazole degradation, carbazole => 2-oxopent-4-enoate + anthranilate	Pathway modules; Xenobiotics biodegradation; Aromatics degradation	K15751-K15752-K15753 K15754+K15755 K15756 K15754+K15755 2'-aminobiphenyl-2,3-diol 1,2-dioxygenase
M00551	1.0	Benzoate degradation, benzoate => catechol / methylbenzoate => methylcatechol	Pathway modules; Xenobiotics biodegradation; Aromatics degradation	K05549+K05550+K05784 K05783 K05783 1,6-dihydroxycyclohexa-2,4-diene-1-carboxylate dehydrogenase
M00580	1.0	Pentose phosphate pathway, archaea, fructose 6P => ribose 5P	Pathway modules; Carbohydrate metabolism; Central carbohydrate metabolism	(K08094 (K08093,K13812),K13831) K01807 K08093,K13812,K13831 3-hexulose-6-phosphate synthase
M00554	1.0	UDP-Gal biosynthesis, Gal => UDP-Gal	Pathway modules; Glycan metabolism; Nucleotide sugar biosynthesis	K00849 K00965 K00965 UDPglucose--hexose-1-phosphate uridylyltransferase
M00911	1.0	Riboflavin biosynthesis, fungi, GTP => riboflavin/FMN/FAD	Pathway modules; Metabolism of cofactors and vitamins; Cofactor and vitamin metabolism	K01497 K14654 K14655 -- K02858 K00794 K00793 K00861 K00953 K14654 2,5-diamino-6-(ribosylamino)-4(3H)-pyrimidinone 5'-phosphate reductase
M00968	1.0	Pentose bisphosphate pathway (nucleoside degradation), archaea, nucleoside/NMP => 3-PGA/glycerone phosphate	Pathway modules; Carbohydrate metabolism; Other carbohydrate metabolism	(((K00757,K26211,K26212) (K21056,K26208)),K18931) K18237 (K01601,(K26210 K01636)) K26211,K26212 guanosine phosphorylase
M00916	1.0	Pyridoxal-P biosynthesis, R5P + glyceraldehyde-3P + glutamine => pyridoxal-P	Pathway modules; Metabolism of cofactors and vitamins; Cofactor and vitamin metabolism	K06215+K08681 K08681 pdxT; pyridoxal 5'-phosphate synthase pdxT subunit
M00914	0.875	Coenzyme A biosynthesis, archaea, 2-oxoisovalerate => 4-phosphopantoate => CoA	Pathway modules; Metabolism of cofactors and vitamins; Cofactor and vitamin metabolism	K00606 K00077 K06982 K09722 K13038 K02201 K09735 K00077 2-dehydropantoate 2-reductase
M00048	0.8333333333333334	De novo purine biosynthesis, PRPP + glutamine => IMP	Pathway modules; Nucleotide metabolism; Purine metabolism	K00764 (K01945,K11787,K11788,K13713) (K00601,K11175,K08289,K11787,K01492) (K01952,(K23269+K23264+K23265),(K23270+K23265)) (K01933,K11787,K11788 (K01587,K11808,K01589 K01588)) (K01923,K01587,K13713) K01756 (K00602,(K01492,K06863 K11176)) K01945,K11787,K11788 phosphoribosylamine--glycine ligase
M00159	0.7575757575757576	V/A-type ATPase, prokaryotes	Pathway modules; Energy metabolism; ATP synthesis	K02117+K02118+K02119+K02120+K02121+K02122+K02107+K02123+K02124 K02118 ATPVB; V/A-type H+-transporting ATPase subunit B K02119 ATPVC; V/A-type H+-transporting ATPase subunit C K02120 ATPVD; V/A-type H+-transporting ATPase subunit D K02121 ATPVE; V/A-type H+-transporting ATPase subunit E K02122 ATPVF; V/A-type H+-transporting ATPase subunit F K02107 ATPVG; V/A-type H+-transporting ATPase subunit G/H K02123 ATPVI; V/A-type H+-transporting ATPase subunit I K02124
M00125	0.75	Riboflavin biosynthesis, plants and bacteria, GTP => riboflavin/FMN/FAD	Pathway modules; Metabolism of cofactors and vitamins; Cofactor and vitamin metabolism	(K01497,K14652) (K01498 K00082,K11752) (K22912,K20860,K20861,K20862,K21063,K21064) (K02858,K14652) K00794 K00793 (K20884 K22949,K11753) K01498,K11752 diaminohydroxyphosphoribosylaminopyrimidine deaminase
M00050	0.75	Guanine ribonucleotide biosynthesis, IMP => GDP,GTP	Pathway modules; Nucleotide metabolism; Purine metabolism	K00088 K01951 K00942 (K00940,K18533) K01951 GMP synthase
M00632	0.75	Galactose degradation, Leloir pathway, galactose => alpha-D-glucose-1P	Pathway modules; Carbohydrate metabolism; Other carbohydrate metabolism	K01785 K00849 K00965 K01784 K00849 galactokinase
M00855	0.6666666666666666	Glycogen degradation, glycogen => glucose-6P	Pathway modules; Carbohydrate metabolism; Other carbohydrate metabolism	(K00688,K16153) (K01196,((K00705,K22451) (K02438,K01200))) (K15779,K01835,K15778) K01196 glycogen debranching enzyme
M00020	0.6666666666666666	Serine biosynthesis, glycerate-3P => serine	Pathway modules; Amino acid metabolism; Serine and threonine metabolism	K00058 K00831 (K01079,K02203,K22305,K25528) K00831 phosphoserine aminotransferase
M00763	0.6666666666666666	Ornithine biosynthesis, mediated by LysW, glutamate => ornithine	Pathway modules; Amino acid metabolism; Arginine and proline metabolism	K05826 K19412 K05828 K05829 K05830 K05831 K19412 glutamate--LysW ligase ArgX
M00365	0.6666666666666666	C10-C20 isoprenoid biosynthesis, archaea	Pathway modules; Biosynthesis of terpenoids and polyketides; Terpenoid backbone biosynthesis	K01823 K13787 K13787 DMPP -> GPP -> FPP -> GGPP
M00565	0.6666666666666666	Trehalose biosynthesis, D-glucose 1P => trehalose	Pathway modules; Carbohydrate metabolism; Other carbohydrate metabolism	K00975 K00703 (K00700,K16149) K01214 K06044 K01236 K00703 starch synthase
M00127	0.625	Thiamine biosynthesis, prokaryotes, AIR (+ DXP/tyrosine) => TMP/TPP	Pathway modules; Metabolism of cofactors and vitamins; Cofactor and vitamin metabolism	K03148+K03154 K03151 K03150 K03149 K03147 ((K00941 K00788),K14153,K21219) K00946 K03154 thiS; sulfur carrier protein K03151 thiI; tRNA uracil 4-sulfurtransferase
M00144	0.5714285714285714	NADH:quinone oxidoreductase, prokaryotes	Pathway modules; Energy metabolism; ATP synthesis	K00330+(K00331+K00332+K00333,K00331+K13378,K13380)+K00334+K00335+K00336+K00337+K00338+K00339+K00340+(K00341+K00342)+K00343 K00331 nuoB; NADH-quinone oxidoreductase subunit B
M00031	0.5714285714285714	Lysine biosynthesis, mediated by LysW, 2-aminoadipate => lysine	Pathway modules; Amino acid metabolism; Lysine metabolism	K05826 K05827 K05828 K05829 K05830 K05831 K05827 [lysine-biosynthesis-protein LysW]---L-2-aminoadipate ligase
M00843	0.5	L-threo-Tetrahydrobiopterin biosynthesis, GTP => L-threo-BH4	Pathway modules; Metabolism of cofactors and vitamins; Cofactor and vitamin metabolism	K01495 K01737 K17745 K01737 6-pyruvoyltetrahydropterin
M00364	0.5	C10-C20 isoprenoid biosynthesis, bacteria	Pathway modules; Biosynthesis of terpenoids and polyketides; Terpenoid backbone biosynthesis	K01823 (K00795,K13789,K13787) K00795 DMPP -> GPP -> FPP
M00368	0.5	Ethylene biosynthesis, methionine => ethylene	Pathway modules; Amino acid metabolism; Cysteine and methionine metabolism	K00789 (K01762,K20772) K05933 K20772,K01762 1-aminocyclopropane-1-carboxylate synthase
M00842	0.5	Tetrahydrobiopterin biosynthesis, GTP => BH4	Pathway modules; Metabolism of cofactors and vitamins; Cofactor and vitamin metabolism	K01495 K01737 K00072 K01737 6-pyruvoyltetrahydropterin synthase
M00912	0.5	NAD biosynthesis, tryptophan => quinolinate => NAD	Pathway modules; Metabolism of cofactors and vitamins; Cofactor and vitamin metabolism	(K00453,K00463) (K01432,K14263,K07130) K00486 K01556 K00452 K00767 (K00969,K06210) (K01916,K01950) K00463 indoleamine 2,3-dioxygenase
M00123	0.5	Biotin biosynthesis, pimeloyl-ACP/CoA => biotin	Pathway modules; Metabolism of cofactors and vitamins; Cofactor and vitamin metabolism	K00652 ((K00833,K19563) K01935,K19562) K01012 K00833 bioA; adenosylmethionine---8-amino-7-oxononanoate aminotransferase
M00345	0.5	Formaldehyde assimilation, ribulose monophosphate pathway	Pathway modules; Energy metabolism; Methane metabolism	(((K08093,K13812) K08094),K13831) (K00850,K16370,K21071) K01624 K08094,K13831 6-phospho-3-hexuloisomerase
M00098	0.5	Acylglycerol degradation	Pathway modules; Lipid metabolism; Lipid metabolism	(K01046,K12298,K16816,K13534,K14073,K14074,K14075,K14076,K22283,K14452,K22284,K14674,K14675,K17900) (K01054,K25824) K01054 acylglycerol lipase
M00055	0.5	N-glycan precursor biosynthesis	Pathway modules; Glycan metabolism; Glycan biosynthesis	K01001 (K07432+K07441) K03842 K03843 K03844 K03845 K03846 K03847 K03846 K00729 K03848 K03849 K03850 K07432+K07441 ALG13+ALG14
M00053	0.5	Deoxyribonucleotide biosynthesis, ADP/GDP/CDP/UDP => dATP/dGTP/dCTP/dUTP	Pathway modules; Nucleotide metabolism; Purine metabolism	(K00525+K00526,K10807+K10808) (K00940,K18533) K00940,K18533 nucleoside-diphosphate kinase
M00035	0.5	Methionine degradation	Pathway modules; Amino acid metabolism; Cysteine and methionine metabolism	K00789 (K00552,K00558,K17398,K17399) K01251 (K01697,K10150) K00552 glycine N-methyltransferase
M00140	0.5	C1-unit interconversion, prokaryotes	Pathway modules; Metabolism of cofactors and vitamins; Cofactor and vitamin metabolism	K00600 (K01491,(K00300 K01500)) K01938 K01491 methylenetetrahydrofolate dehydrogenase (NADP+) / methenyltetrahydrofolate cyclohydrolase
M00141	0.5	C1-unit interconversion, eukaryotes	Pathway modules; Metabolism of cofactors and vitamins; Cofactor and vitamin metabolism	K00600 (K00288,(K13403 K13402)) K00288 methylenetetrahydrofolate dehydrogenase (NADP+) / methenyltetrahydrofolate cyclohydrolase / formyltetrahydrofolate synthetase
M00038	0.5	Tryptophan metabolism, tryptophan => kynurenine => 2-aminomuconate	Pathway modules; Amino acid metabolism; Aromatic amino acid metabolism	(K00453,K00463) (K01432,K14263,K07130) K00486 K01556 K00452 K03392 (K10217,K23234) K00463 indoleamine 2,3-dioxygenase
M00959	0.5	Guanine ribonucleotide degradation, GMP => Urate	Pathway modules; Nucleotide metabolism; Purine metabolism	(K01081,K19970,K11751,K03787,K02566,K08693,K20881) (K03783,K03784,K09913,K05810) K01487 (K00106,K00087+K13479+K13480,K13481+K13482,K11177+K11178+K13483) K20881 GMP 5'-nucleotidase
M00899	0.5	Thiamine salvage pathway, HMP/HET => TMP	Pathway modules; Metabolism of cofactors and vitamins; Cofactor and vitamin metabolism	K00878 ((K00941 K00788),K14153,K21219) K00941 thiD; hydroxymethylpyrimidine/phosphomethylpyrimidine kinase
M00913	0.5	Pantothenate biosynthesis, 2-oxoisovalerate/spermine => pantothenate	Pathway modules; Metabolism of cofactors and vitamins; Cofactor and vitamin metabolism	K00606 K00077 K13367 K00128 K01918 K00077 2-dehydropantoate 2-reductase
M00938	0.5	Pyrimidine deoxyribonucleotide biosynthesis, UDP => dTTP	Pathway modules; Nucleotide metabolism; Pyrimidine metabolism	(K00525+K00526,K10807+K10808) (K00940,K18533) K01520 (K00560,K13998,K03465) K00943 K00940,K18533 nucleoside-diphosphate kinase
M01004	0.5	UDP-Galf biosynthesis, UDP-Glc => UDP-Galf	Pathway modules; Glycan metabolism; Nucleotide sugar biosynthesis	K01784 (K01854,K28214) K01854,K28214 UDP-galactopyranose mutase
M00145	0.47619047619047616	NAD(P)H:quinone oxidoreductase, chloroplasts and cyanobacteria	Pathway modules; Energy metabolism; ATP synthesis	K05574+K05582+K05581+K05579+K05572+K05580+K05578+K05576+K05577+K05575+K05573-K05583-K05584-K05585 K05582 ndhK; NAD(P)H-quinone oxidoreductase subunit K
M00162	0.4666666666666667	Cytochrome b6f complex	Pathway modules; Energy metabolism; ATP synthesis	K02635+K02637+K02634+K02636+K02642+K02643+K03689+K02640 K02637 petD; cytochrome b6-f complex subunit 4 K02634 petA; apocytochrome f K02636 petC; cytochrome b6-f complex iron-sulfur subunit
M00548	0.45454545454545453	Benzene degradation, benzene => catechol	Pathway modules; Xenobiotics biodegradation; Aromatics degradation	K16249+K16243+K16244+K16242+K16245+K16246 K16243 dmpL; phenol 2-monooxygenase (NADH) P1/A1
M00895	0.45454545454545453	Thiamine biosynthesis, prokaryotes, AIR (+ DXP/glycine) => TMP/TPP	Pathway modules; Metabolism of cofactors and vitamins; Cofactor and vitamin metabolism	K03148+K03154 K03151 K03153 K03149 K10810 K03147 K00941 K00788 K00946 K03154 thiS; sulfur carrier protein K03151 thiI; tRNA uracil 4-sulfurtransferase
M00161	0.45454545454545453	Photosystem II	Pathway modules; Energy metabolism; Photosynthesis	K02703+K02706+K02705+K02704+K02707+K02708 K02706 psbD; photosystem II reaction center D2 protein
M00163	0.45454545454545453	Photosystem I	Pathway modules; Energy metabolism; Photosynthesis	K02689+K02690+K02691+K02692+K02693+K02694 K02690 psaB; photosystem I P700 chlorophyll a apoprotein A2
M00158	0.4482758620689655	F-type ATPase, eukaryotes	Pathway modules; Energy metabolism; ATP synthesis	K02132+K02133+K02136+K02134+K02135+K02137+K02126+K02127+K02128+K02138+(K02129,K01549)+(K02130,K02139)+K02140+(K02141,K02131)-K02142-K02143+K02125 K02133 ATPeF1B; F-type H+-transporting ATPase subunit beta
M00824	0.4375	9-membered enediyne core biosynthesis, malonyl-CoA => 3-hydroxyhexadeca-4,6,8,10,12,14-hexaenoyl-ACP => 9-membered enediyne core	Pathway modules; Biosynthesis of terpenoids and polyketides; Enediyne biosynthesis	K15314 K21160+K21161+K21162+K21163+K21164+K21165+K21166+K21167 K21160
M00638	0.42857142857142855	Salicylate degradation, salicylate => gentisate	Pathway modules; Xenobiotics biodegradation; Aromatics degradation	K18242+K18243+K14578+K14581
M00616	0.42857142857142855	Sulfate-sulfur assimilation	Signature modules; Module set; Metabolic capacity	(K02048,K23163)+K02046+K02047+K02045 M00176 K02046
M00417	0.42857142857142855	Cytochrome o ubiquinol oxidase	Pathway modules; Energy metabolism; ATP synthesis	K02297+K02298+K02299+K02300 K02298 cyoB; cytochrome o ubiquinol oxidase subunit I
M00598	0.42857142857142855	Anoxygenic photosystem I	Pathway modules; Energy metabolism; Photosynthesis	K08940+K08941+K08942+K08943 K08941
M00825	0.42857142857142855	10-membered enediyne core biosynthesis, malonyl-CoA => 3-hydroxyhexadeca-4,6,8,10,12,14-hexaenoyl-ACP => 10-membered enediyne core	Pathway modules; Biosynthesis of terpenoids and polyketides; Enediyne biosynthesis	K15314 K21168+K21169+K21170+K21171+K21172+K21173+K21174 K21168
M00143	0.42857142857142855	NADH dehydrogenase (ubiquinone) Fe-S protein/flavoprotein complex, mitochondria	Pathway modules; Energy metabolism; ATP synthesis	K03934+K03935+K03936+K03937+K03938+K03939+K03940+K03941+K03942+K03943-K03944 K03935 NDUFS2; NADH dehydrogenase (ubiquinone) Fe-S protein 2
M00150	0.42857142857142855	Fumarate reductase, prokaryotes	Pathway modules; Energy metabolism; ATP synthesis	K00244+K00245+K00246+K00247 K00245 frdB; fumarate reductase iron-sulfur subunit
M00142	0.42857142857142855	NADH:ubiquinone oxidoreductase, mitochondria	Pathway modules; Energy metabolism; ATP synthesis	K03878+K03879+K03880+K03881+K03882+K03883+K03884 K03879 ND2; NADH-ubiquinone oxidoreductase chain 2
M00416	0.42857142857142855	Cytochrome aa3-600 menaquinol oxidase	Pathway modules; Energy metabolism; ATP synthesis	K02827+K02826+K02828+K02829 K02826 qoxA; cytochrome aa3-600 menaquinol oxidase subunit II
M00157	0.4117647058823529	F-type ATPase, prokaryotes and chloroplasts	Pathway modules; Energy metabolism; ATP synthesis	K02111+K02112+K02113+K02114+K02115+K02108+K02109+K02110 K02112 ATPF1B; F-type H+-transporting ATPase subunit beta
M00153	0.4	Cytochrome bd ubiquinol oxidase	Pathway modules; Energy metabolism; ATP synthesis	K00425+K00426+(K00424,K22501) K00426 cytochrome bd ubiquinol oxidase subunit II
M00119	0.4	Pantothenate biosynthesis, valine/L-aspartate => pantothenate	Pathway modules; Metabolism of cofactors and vitamins; Cofactor and vitamin metabolism	K00826 K00606 K00077 K01579 (K01918,K13799) K00606 3-methyl-2-oxobutanoate hydroxymethyltransferase
M00595	0.4	Sulfur oxidation, SOX system, thiosulfate => sulfate	Pathway modules; Energy metabolism; Sulfur metabolism	K17222+K17223+K17224-K17225-K22622+K17226+K17227 K17223 soxX; sulfur-oxidizing protein SoxX K17224 soxB; sulfur-oxidizing protein SoxB K17225 soxC; S-disulfanyl-L-cysteine oxidoreductase SoxC
M00095	0.4	C5 isoprenoid biosynthesis, mevalonate pathway	Pathway modules; Biosynthesis of terpenoids and polyketides; Terpenoid backbone biosynthesis	K00626 K01641 K00021 K00869 (K00938,K13273) K01597 K01823 K01641 hydroxymethylglutaryl-CoA synthase
M01002	0.4	UDP-GalNAc biosynthesis, Fru-6P => UDP-GalNAc	Pathway modules; Glycan metabolism; Nucleotide sugar biosynthesis	K00820 K28125 K28126 K23144 K28125 D-glucosamine-6-phosphate 4-epimerase
M00995	0.4	UDP-MurNAc biosynthesis, Fru-6P => UDP-MurNAc	Pathway modules; Glycan metabolism; Nucleotide sugar biosynthesis	K00820 K03431 K04042 K00790 K00075 K03431 glmM; phosphoglucosamine mutase
M00532	0.375	Photorespiration	Pathway modules; Carbohydrate metabolism; Other carbohydrate metabolism	(K01601-K01602) K19269 K11517 K03781 (K14272,K00830,K00827) K00600 K00830 (K15893,K15919) K15918 K00281+K00605+K00382+K02437 K19269 phosphoglycolate phosphatase
M00547	0.375	Benzene/toluene degradation, benzene => catechol / toluene => 3-methylcatechol	Pathway modules; Xenobiotics biodegradation; Aromatics degradation	K03268+K16268+K18089+K18090 K16269 K16269 cis-1,2-dihydrobenzene-1,2-diol dehydrogenase
M00886	0.375	Meromycolic acid biosynthesis, initiation and elongation FAS II (KasA and KasB)	Pathway modules; Lipid metabolism; Fatty acid metabolism	K02078 K11263+K18472 K00645 K11608 K11609+K11610+K27071+K27072+K11611 K27070+K11610+K27072+(K27073,K27074)+K11611 K11263 accA3; acetyl-CoA carboxylase, biotin carboxylase, biotin carboxyl carrier protein
M00978	0.375	Ornithine-ammonia cycle	Pathway modules; Amino acid metabolism; Arginine and proline metabolism	K01915 K01955+K01956 K00611 K01940 K01755 (K27542,K27545) K01955,K01956 carbamoyl-phosphate synthase
M00422	0.375	Acetyl-CoA pathway, CO2 => acetyl-CoA	Pathway modules; Energy metabolism; Methane metabolism	K00192+K00195 K00193+K00197+K00194 K00195 cdhB; anaerobic carbon-monoxide dehydrogenase, CODH/ACS complex subunit epsilon
M00356	0.36363636363636365	Methanogenesis, methanol => methane	Pathway modules; Energy metabolism; Methane metabolism	K14080+K04480+K14081 K00399+K00401+K00402 (K22480+K22481+K22482,K03388+K03389+K03390,K08264+K08265,K03388+K03389+K03390+K14127+(K14126+K14128,K22516+K00125)) K04480 methanol---5-hydroxybenzimidazolylcobamide Co-methyltransferase
M00346	0.36363636363636365	Formaldehyde assimilation, serine pathway	Pathway modules; Energy metabolism; Methane metabolism	K00600 K00830 K00018 K11529 K01689 K01595 K00024 K08692+K14067 K08691 K00830 serine--glyoxylate transaminase
M00660	0.35714285714285715	Xanthomonas spp. pathogenicity signature, T3SS and effectors	Signature modules; Gene set; Plant pathogenicity AUTHORS   Buttner D, He SY TITLE     Type III protein secretion in plant pathogenic bacteria. JOURNAL   Plant Physiol 150:1656-64 (2009) DOI:10.1104/pp.109.139089	K03222+K03226+K03227+K03228+K03229+K03230+K03224+K03225+K03223+K18374+K18376 K18373 K18375 K18377 K18378 K18379 K18380 K18381 K03226 yscR; type III secretion protein SctR K03227 yscS; type III secretion protein SctS K03228 yscT; type III secretion protein SctT K03229 yscU; type III secretion protein SctU K03230 yscV; type III secretion protein SctV K03224 yscN; ATP synthase in type III secretion protein SctN
M00542	0.34615384615384615	EHEC/EPEC pathogenicity signature, T3SS and effectors	Signature modules; Gene set; Pathogenicity	K03221+K03219+K03222+K03226+K03227+K03228+K03229+K03230+K03224+K03225 K12784 K12787 K12785 K12786 K12788 K16041 K16042 K03219 yscC; type III secretion protein SctC K03222 yscJ; type III secretion protein SctJ K03226 yscR; type III secretion protein SctR K03227 yscS; type III secretion protein SctS K03228 yscT; type III secretion protein SctT K03229 yscU; type III secretion protein SctU K03230 yscV; type III secretion protein SctV K03224 yscN; ATP synthase in type III secretion protein SctN
M00778	0.3333333333333333	Type II polyketide backbone biosynthesis, acyl-CoA + malonyl-CoA => polyketide	Pathway modules; Biosynthesis of terpenoids and polyketides; Type II polyketide biosynthesis	K05551+K05552+K05553 -K12420 ((K05554,K14249,K15884,K15885) (K05555,K14250),K15886) K05552 actI2, oxyB, tcmL, snoa2, mtmK; minimal PKS chain-length factor (CLF/KS beta)
M00985	0.3333333333333333	Sulfide oxidation, sulfide => sulfur	Pathway modules; Energy metabolism; Sulfur metabolism	K17229+K17230 K17230 fccA; cytochrome subunit of sulfide dehydrogenase
M00844	0.3333333333333333	Arginine biosynthesis, ornithine => arginine	Pathway modules; Amino acid metabolism; Arginine and proline metabolism	K00611 K01940 (K01755,K14681) K01940 argininosuccinate synthase
M00698	0.3333333333333333	Multidrug resistance, efflux pump BpeEF-OprC	Signature modules; Gene set; Drug resistance AUTHORS   Kumar A, Chua KL, Schweizer HP TITLE     Method for regulated expression of single-copy efflux pump genes in a surrogate Pseudomonas aeruginosa strain: identification of the BpeEF-OprC chloramphenicol and trimethoprim efflux pump of Burkholderia pseudomallei 1026b. JOURNAL   Antimicrob Agents Chemother 50:3460-3 (2006) DOI:10.1128/AAC.00440-06 AUTHORS   Schweizer HP TITLE     Mechanisms of antibiotic resistance in Burkholderia pseudomallei: implications for treatment of melioidosis. JOURNAL   Future Microbiol 7:1389-99 (2012) DOI:10.2217/fmb.12.116 AUTHORS   Fernandez L, Hancock RE TITLE     Adaptive and mutational resistance: role of porins and efflux pumps in drug resistance. JOURNAL   Clin Microbiol Rev 25:661-81 (2012) DOI:10.1128/CMR.00043-12 AUTHORS   Coyne S, Rosenfeld N, Lambert T, Courvalin P, Perichon B TITLE     Overexpression of resistance-nodulation-cell division pump AdeFGH confers multidrug resistance in Acinetobacter baumannii. JOURNAL   Antimicrob Agents Chemother 54:4389-93 (2010) DOI:10.1128/AAC.00155-10	K18900 K18901+K18902+K18903 K18901
M00627	0.3333333333333333	beta-Lactam resistance, Bla system	Signature modules; Gene set; Drug resistance	K02172 K02171 (K18766,K17836) K02171 blaI; BlaI family transcriptional regulator, penicillinase repressor K18766 blaZ; beta-lactamase class A BlaZ
M00696	0.3333333333333333	Multidrug resistance, efflux pump AcrEF-TolC	Signature modules; Gene set; Drug resistance AUTHORS   Kobayashi K, Tsukagoshi N, Aono R TITLE     Suppression of hypersensitivity of Escherichia coli acrB mutant to organic solvents by integrational activation of the acrEF operon with the IS1 or IS2 element. JOURNAL   J Bacteriol 183:2646-53 (2001) DOI:10.1128/JB.183.8.2646-2653.2001 AUTHORS   Fernandez L, Hancock RE TITLE     Adaptive and mutational resistance: role of porins and efflux pumps in drug resistance. JOURNAL   Clin Microbiol Rev 25:661-81 (2012) DOI:10.1128/CMR.00043-12 AUTHORS   Poole K TITLE     Efflux-mediated multiresistance in Gram-negative bacteria. JOURNAL   Clin Microbiol Infect 10:12-26 (2004) DOI:10.1111/j.1469-0691.2004.00763.x	K18140 K18141+K18142+K12340 K18141
M00577	0.3333333333333333	Biotin biosynthesis, BioW pathway, pimelate => pimeloyl-CoA => biotin	Pathway modules; Metabolism of cofactors and vitamins; Cofactor and vitamin metabolism	K01906 K00652 (K00833,K19563) K01935 K01012 K00652 bioF; 8-amino-7-oxononanoate synthase
M00120	0.3333333333333333	Coenzyme A biosynthesis, pantothenate => CoA	Pathway modules; Metabolism of cofactors and vitamins; Cofactor and vitamin metabolism	(K00867,K03525,K01947,K09680) ((K01922,K21977) K01598,K13038) (K02318,(K00954,K02201) K00859) K01922 phosphopantothenate---cysteine ligase (ATP)
M00051	0.3333333333333333	De novo pyrimidine biosynthesis, glutamine (+ PRPP) => UMP	Pathway modules; Nucleotide metabolism; Pyrimidine metabolism	(K11540,(K11541 K01465),((K01954,K01955+K01956) (K00609+K00610,K00608) K01465)) (K00226,K00254,K17828) (K13421,K00762 K01591) K11540,K11541,K00609+K00610,K00608 aspartate carbamoyltransferase
M00155	0.3333333333333333	Cytochrome c oxidase, prokaryotes	Pathway modules; Energy metabolism; ATP synthesis	K02275+(K02274+K02276,K15408)-(K02277,K27109) K02274 coxA; cytochrome c oxidase subunit I
M00309	0.3333333333333333	Non-phosphorylative Entner-Doudoroff pathway, gluconate/galactonate => glycerate	Pathway modules; Carbohydrate metabolism; Central carbohydrate metabolism	K05308 (K11395,K18127) (K18020+K18021+K18022,K18128,K03738) K11395 2-dehydro-3-deoxy-phosphogluconate/2-dehydro-3-deoxy-6-phosphogalactonate aldolase
M00019	0.3333333333333333	Valine/isoleucine biosynthesis, pyruvate => valine / 2-oxobutanoate => isoleucine	Pathway modules; Amino acid metabolism; Branched-chain amino acid metabolism	K01652+(K01653,K11258) K00053 K01687 K00826 K00053 ketol-acid reductoisomerase
M00023	0.3333333333333333	Tryptophan biosynthesis, chorismate => tryptophan	Pathway modules; Amino acid metabolism; Aromatic amino acid metabolism	(((K01657+K01658,K13503,K13501,K01656) K00766),K13497) (((K01817,K24017) (K01656,K01609)),K13498,K13501) (K01695+(K01696,K06001),K01694) K00766,K13497 anthranilate phosphoribosyltransferase
M00022	0.3333333333333333	Shikimate pathway, phosphoenolpyruvate + erythrose-4P => chorismate	Pathway modules; Amino acid metabolism; Aromatic amino acid metabolism	(K01626,K03856,K13853) (((K01735,K13829) ((K03785,K03786) K00014,K13832)),K13830) ((K00891,K13829) (K00800,K24018),K13830) K01736 K01735,K13830,K13829 3-dehydroquinate synthase
M00972	0.3333333333333333	Proline metabolism	Pathway modules; Amino acid metabolism; Arginine and proline metabolism	K00819 K00286 K00318 K00286 pyrroline-5-carboxylate reductase
M00897	0.3333333333333333	Thiamine biosynthesis, plants, AIR (+ NAD+) => TMP/thiamine/TPP	Pathway modules; Metabolism of cofactors and vitamins; Cofactor and vitamin metabolism	K03146 K03147 K14153 K22911 K00949 K03147 THIC; phosphomethylpyrimidine synthase
M00697	0.3333333333333333	Multidrug resistance, efflux pump MdtEF-TolC	Signature modules; Gene set; Drug resistance AUTHORS   Nishino K, Yamaguchi A TITLE     EvgA of the two-component signal transduction system modulates production of the yhiUV multidrug transporter in Escherichia coli. JOURNAL   J Bacteriol 184:2319-23 (2002) DOI:10.1128/JB.184.8.2319-2323.2002 AUTHORS   Fernandez L, Hancock RE TITLE     Adaptive and mutational resistance: role of porins and efflux pumps in drug resistance. JOURNAL   Clin Microbiol Rev 25:661-81 (2012) DOI:10.1128/CMR.00043-12 AUTHORS   Poole K TITLE     Efflux-mediated multiresistance in Gram-negative bacteria. JOURNAL   Clin Microbiol Infect 10:12-26 (2004) DOI:10.1111/j.1469-0691.2004.00763.x	K07690 K18898+K18899+K12340 K18898
M00810	0.3333333333333333	Nicotine degradation, pyridine pathway, nicotine => 2,6-dihydroxypyridine/succinate semialdehyde	Pathway modules; Metabolism of cofactors and vitamins; Cofactor and vitamin metabolism	K19818+K19819+K19820 (K19826,K19890) K19185+K19186+K19187 K19188 -K20155 K19826 (S)-6-hydroxynicotine oxidase
M00804	0.3333333333333333	Complete nitrification, comammox, ammonia => nitrite => nitrate	Pathway modules; Energy metabolism; Nitrogen metabolism	K10944+K10945+K10946 K10535 K00370+K00371 K10535 hydroxylamine oxidase
M00718	0.3333333333333333	Multidrug resistance, efflux pump MexAB-OprM	Signature modules; Gene set; Drug resistance AUTHORS   Evans K, Adewoye L, Poole K TITLE     MexR repressor of the mexAB-oprM multidrug efflux operon of Pseudomonas aeruginosa: identification of MexR binding sites in the mexA-mexR intergenic region. JOURNAL   J Bacteriol 183:807-12 (2001) DOI:10.1128/JB.183.3.807-812.2001 AUTHORS   Boutoille D, Corvec S, Caroff N, Giraudeau C, Espaze E, Caillon J, Plesiat P, Reynaud A TITLE     Detection of an IS21 insertion sequence in the mexR gene of Pseudomonas aeruginosa increasing beta-lactam resistance. JOURNAL   FEMS Microbiol Lett 230:143-6 (2004) DOI:10.1016/S0378-1097(03)00882-6	K18131 K03585+K18138+K18139 K03585
M00725	0.3333333333333333	Cationic antimicrobial peptide (CAMP) resistance, dltABCD operon	Signature modules; Gene set; Drug resistance	K19077 K19078 K03367+K03739+K14188+K03740 K19078 graR; two-component system, OmpR family, response regulator protein GraR [COG:COG0745] [GO:0000156] K03367 dltA; D-alanine--poly(phosphoribitol) ligase subunit 1
M00528	0.3333333333333333	Nitrification, ammonia => nitrite	Pathway modules; Energy metabolism; Nitrogen metabolism	K10944+K10945+K10946 K10535 K10535 hydroxylamine oxidase
M00643	0.3333333333333333	Multidrug resistance, efflux pump MexXY-OprM	Signature modules; Gene set; Drug resistance AUTHORS   Llanes C, Hocquet D, Vogne C, Benali-Baitich D, Neuwirth C, Plesiat P TITLE     Clinical strains of Pseudomonas aeruginosa overproducing MexAB-OprM and MexXY efflux pumps simultaneously. JOURNAL   Antimicrob Agents Chemother 48:1797-802 (2004) DOI:10.1128/AAC.48.5.1797-1802.2004 AUTHORS   Masuda N, Sakagawa E, Ohya S, Gotoh N, Tsujimoto H, Nishino T TITLE     Contribution of the MexX-MexY-oprM efflux system to intrinsic resistance in Pseudomonas aeruginosa. JOURNAL   Antimicrob Agents Chemother 44:2242-6 (2000) DOI:10.1128/AAC.44.9.2242-2246.2000 AUTHORS   Muller C, Plesiat P, Jeannot K TITLE     A two-component regulatory system interconnects resistance to polymyxins, aminoglycosides, fluoroquinolones, and beta-lactams in Pseudomonas aeruginosa. JOURNAL   Antimicrob Agents Chemother 55:1211-21 (2011) DOI:10.1128/AAC.01252-10 AUTHORS   Yamamoto M, Ueda A, Kudo M, Matsuo Y, Fukushima J, Nakae T, Kaneko T, Ishigatsubo Y TITLE     Role of MexZ and PA5471 in transcriptional regulation of mexXY in Pseudomonas aeruginosa. JOURNAL   Microbiology 155:3312-21 (2009) DOI:10.1099/mic.0.028993-0	K18129 K18094+K18095+K18139 K18094
M00609	0.3333333333333333	Cysteine biosynthesis, methionine => cysteine	Pathway modules; Amino acid metabolism; Cysteine and methionine metabolism	K00789 K17462 K01243 K07173 K17216 K17217 K17462 putative AdoMet-dependent methyltransferase
M00597	0.3333333333333333	Anoxygenic photosystem II	Pathway modules; Energy metabolism; Photosynthesis	K08928+K08929 K08929
M00549	0.3333333333333333	UDP-Glc biosynthesis, Glc => UDP-Glc	Pathway modules; Glycan metabolism; Nucleotide sugar biosynthesis	(K00844,K00845,K25026,K12407,K00886) (K01835,K15779,K15778) (K00963,K12447) K00845,K25026,K12407 glucokinase
M00152	0.32142857142857145	Cytochrome bc1 complex	Pathway modules; Energy metabolism; ATP synthesis	K00411+K00412+K00413+K00414+K00415+K00416+K00417+K00418+K00419+K00420 K00412 CYTB; ubiquinol-cytochrome c reductase cytochrome b subunit K00413 CYC1; ubiquinol-cytochrome c reductase cytochrome c1 subunit K00414 QCR1; ubiquinol-cytochrome c reductase core subunit 1 K00415 QCR2; ubiquinol-cytochrome c reductase core subunit 2 K00416 QCR6; ubiquinol-cytochrome c reductase subunit 6 K00417 QCR7; ubiquinol-cytochrome c reductase subunit 7 K00418 QCR8; ubiquinol-cytochrome c reductase subunit 8 K00419 QCR9; ubiquinol-cytochrome c reductase subunit 9 K00420
M00885	0.3076923076923077	Meromycolic acid biosynthesis, initiation and elongation FAS II (KasA)	Pathway modules; Lipid metabolism; Fatty acid metabolism	K02078 K11263+K18472 K00645 K11608 K11609+K11610+(K27071+K27072,K27689)+K11611 K11263 accA3; acetyl-CoA carboxylase, biotin carboxylase, biotin carboxyl carrier protein
M00543	0.3	Biphenyl degradation, biphenyl => 2-oxopent-4-enoate + benzoate	Pathway modules; Xenobiotics biodegradation; Aromatics degradation	K08689+K15750+K18087+K18088 K08690 K00462 K10222 K08690 cis-2,3-dihydrobiphenyl-2,3-diol dehydrogenase
M00074	0.29411764705882354	N-glycan biosynthesis, high-mannose type	Pathway modules; Glycan metabolism; Glycan biosynthesis	K05546 K23741 K01230 K05528 K05529+K05530 K05529+K05531+K05532+K05533+K05534 K05535 K23741 endoplasmic reticulum Man9GlcNAc2 1,2-alpha-mannosidase
M00934	0.29411764705882354	Mycinamicin biosynthesis, malonyl-CoA + methylmalonyl-CoA => protomycinolide IV => mycinamicin II	Pathway modules; Biosynthesis of terpenoids and polyketides; Macrolide biosynthesis	K24528+K24559+K24560+K24561+K24562 K24529 K24292+K24530 K24531 K21540 K21539 K24390 K24529 mycB; protomycinolide IV desosaminyltransferase
M00418	0.2857142857142857	Toluene degradation, anaerobic, toluene => benzoyl-CoA	Pathway modules; Xenobiotics biodegradation; Aromatics degradation	K07540 K07543+K07544 K07545 K07546 K07547+K07548 K07549+K07550 K07543+K07544 bbsEF; benzylsuccinate CoA-transferase
M00373	0.2857142857142857	Ethylmalonyl pathway	Pathway modules; Carbohydrate metabolism; Other carbohydrate metabolism	K00626 K00023 K17865 K14446 K14447 K14448 K14449 K08691 K14451 K01965+K01966 K05606 K01847 K00023 acetoacetyl-CoA reductase
M00769	0.2857142857142857	Multidrug resistance, efflux pump MexPQ-OpmE	Signature modules; Gene set; Drug resistance AUTHORS   Thaden JT, Lory S, Gardner TS TITLE     Quorum-sensing regulation of a copper toxicity system in Pseudomonas aeruginosa. JOURNAL   J Bacteriol 192:2557-68 (2010) DOI:10.1128/JB.01528-09 AUTHORS   Mima T, Sekiya H, Mizushima T, Kuroda T, Tsuchiya T TITLE     Gene cloning and properties of the RND-type multidrug efflux pumps MexPQ-OpmE and MexMN-OprM from Pseudomonas aeruginosa. JOURNAL   Microbiol Immunol 49:999-1002 (2005) DOI:10.1111/j.1348-0421.2005.tb03696.x	K18304 K19591 K19595+K19594+K19593 K19591
M00608	0.2857142857142857	2-Oxocarboxylic acid chain extension, 2-oxoglutarate => 2-oxoadipate => 2-oxopimelate => 2-oxosuberate	Pathway modules; Energy metabolism; Methane metabolism	K10977 K16792+K16793 K10978 K16792+K16793 methanogen homoaconitase large subunit
M00773	0.2777777777777778	Tylosin biosynthesis, methylmalonyl-CoA + malonyl-CoA => tylactone => tylosin	Pathway modules; Biosynthesis of terpenoids and polyketides; Macrolide biosynthesis	K15988+K24555+K24556+K24557+K24558 K15989+K15990 K15992 K15991 K15993 K15994 K15995 K15996 K15989 tylMII; tylactone mycaminosyltransferase
M00777	0.2727272727272727	Avermectin biosynthesis, 2-methylbutanoyl-CoA/isobutyryl-CoA => 6,8a-Seco-6,8a-deoxy-5-oxoavermectin 1a/1b aglycone => avermectin A1a/B1a/A1b/B1b	Pathway modules; Biosynthesis of terpenoids and polyketides; Macrolide biosynthesis	K14371+K24567+K24568+K24569 K14372 K14373 K14374 K14375 K14372 aveE; cytochrome P450 hydroxylase
M00887	0.2727272727272727	Mycolic acid biosynthesis, meromycolic acid + alpha-carboxyacyl-CoA + trehalose => TMM => TDM/mAGP/GMM	Pathway modules; Lipid metabolism; Fatty acid metabolism	K11263+K27093+K27094+K27095 K12428 K12437 K27306 K18851 K12428 fadD32; fatty acyl-AMP ligase FadD32
M00539	0.2727272727272727	Cumate degradation, p-cumate => 2-oxopent-4-enoate + 2-methylpropanoate	Pathway modules; Xenobiotics biodegradation; Aromatics degradation	K10619+K16303+K16304+K18227 K10620 K10621 K10622 K10623 K10620 cmtB; 2,3-dihydroxy-2,3-dihydro-p-cumate dehydrogenase
M00146	0.25	NADH dehydrogenase (ubiquinone) 1 alpha subcomplex	Pathway modules; Energy metabolism; ATP synthesis	K03945+K03946+K03947+K03948+K03949+K03950+K03951+K03952+K03953+K03954+K03955+K03956+K11352+K11353 K03946 NADH dehydrogenase (ubiquinone) 1 alpha subcomplex 2 K03947 NADH dehydrogenase (ubiquinone) 1 alpha subcomplex 3 K03948 NADH dehydrogenase (ubiquinone) 1 alpha subcomplex 4 K03949 NADH dehydrogenase (ubiquinone) 1 alpha subcomplex 5 K03950 NADH dehydrogenase (ubiquinone) 1 alpha subcomplex 6 K03951 NADH dehydrogenase (ubiquinone) 1 alpha subcomplex 7 K03952 NADH dehydrogenase (ubiquinone) 1 alpha subcomplex 8 K03953 NADH dehydrogenase (ubiquinone) 1 alpha subcomplex 9 K03954 NADH dehydrogenase (ubiquinone) 1 alpha subcomplex 10 K03955 NADH dehydrogenase (ubiquinone) 1 alpha/beta subcomplex 1 K03956 NADH-ubiquinone oxidoreductase subunit K11352 NADH dehydrogenase (ubiquinone) 1 alpha subcomplex 12 K11353 NADH dehydrogenase (ubiquinone)
M00029	0.25	Urea cycle	Pathway modules; Amino acid metabolism; Arginine and proline metabolism	K01948 K00611 K01940 (K01755,K14681) K01476 K00611 ornithine carbamoyltransferase
M00534	0.25	Naphthalene degradation, naphthalene => salicylate	Pathway modules; Xenobiotics biodegradation; Aromatics degradation	K14579+K14580+K14578+K14581 K14582 K14583 K14584 K14585 K00152 K14582 nahB; cis-1,2-dihydro-1,2-dihydroxynaphthalene/dibenzothiophene dihydrodiol dehydrogenase
M00308	0.25	Semi-phosphorylative Entner-Doudoroff pathway, gluconate => glycerate-3P	Pathway modules; Carbohydrate metabolism; Central carbohydrate metabolism	K05308 K00874 K01625 (K00134 K00927,K00131,K18978) K00874 2-dehydro-3-deoxygluconokinase
M00921	0.25	Cyclooctatin biosynthesis, dimethylallyl-PP + isopentenyl-PP => cyclooctatin	Pathway modules; Biosynthesis of other secondary metabolites; Biosynthesis of other bacterial compounds	K13787 K18686 K22997 K22998 K18686 cotB2; cyclooctat-9-en-7-ol synthase
M00950	0.25	Biotin biosynthesis, BioU pathway, pimeloyl-ACP/CoA => biotin	Pathway modules; Metabolism of cofactors and vitamins; Cofactor and vitamin metabolism	K00652 K25570 K01935 K01012 K25570 bioU; 8-amino-7-oxononanoate carboxylating dehydrogenase
M00940	0.25	Flavanone biosynthesis, p-coumaroyl-CoA => liquiritigenin	Pathway modules; Biosynthesis of other secondary metabolites; Biosynthesis of phytochemical compounds	K00660+K08243 K01859 K01859 chalcone isomerase
M00849	0.25	C5 isoprenoid biosynthesis, mevalonate pathway, archaea	Pathway modules; Biosynthesis of terpenoids and polyketides; Terpenoid backbone biosynthesis	K00626 K01641 (K00021,K00054) ((K00869 (K17942,(K25517+K09128 K25518+K03186))),(K18689 K18690 K22813)) K06981 K01823 K01641 hydroxymethylglutaryl-CoA synthase
M00776	0.25	Pikromycin/methymycin biosynthesis, methylmalonyl-CoA + malonyl-CoA => narbonolide/10-deoxymethynolide => pikromycin/methymycin	Pathway modules; Biosynthesis of terpenoids and polyketides; Macrolide biosynthesis	K16000+K16001+K16002-K16003 K16004 K16005 K16006 K16001 pikAII; narbonolide/10-deoxymethynolide synthase
M00639	0.25	Multidrug resistance, efflux pump MexCD-OprJ	Signature modules; Gene set; Drug resistance AUTHORS   Poole K, Gotoh N, Tsujimoto H, Zhao Q, Wada A, Yamasaki T, Neshat S, Yamagishi J, Li XZ, Nishino T TITLE     Overexpression of the mexC-mexD-oprJ efflux operon in nfxB-type multidrug-resistant strains of Pseudomonas aeruginosa. JOURNAL   Mol Microbiol 21:713-24 (1996) DOI:10.1046/j.1365-2958.1996.281397.x AUTHORS   Depardieu F, Podglajen I, Leclercq R, Collatz E, Courvalin P TITLE     Modes and modulations of antibiotic resistance gene expression. JOURNAL   Clin Microbiol Rev 20:79-114 (2007) DOI:10.1128/CMR.00015-06 AUTHORS   Stickland HG, Davenport PW, Lilley KS, Griffin JL, Welch M TITLE     Mutation of nfxB causes global changes in the physiology and metabolism of Pseudomonas aeruginosa. JOURNAL   J Proteome Res 9:2957-67 (2010) DOI:10.1021/pr9011415	K18294 K18295+K18296-K08721 K18295
M00642	0.25	Multidrug resistance, efflux pump MexJK-OprM	Signature modules; Gene set; Drug resistance AUTHORS   Chuanchuen R, Narasaki CT, Schweizer HP TITLE     The MexJK efflux pump of Pseudomonas aeruginosa requires OprM for antibiotic efflux but not for efflux of triclosan. JOURNAL   J Bacteriol 184:5036-44 (2002) DOI:10.1128/JB.184.18.5036-5044.2002 AUTHORS   Depardieu F, Podglajen I, Leclercq R, Collatz E, Courvalin P TITLE     Modes and modulations of antibiotic resistance gene expression. JOURNAL   Clin Microbiol Rev 20:79-114 (2007) DOI:10.1128/CMR.00015-06	K18301 K18302+K18303-K18139 K18302
M00641	0.25	Multidrug resistance, efflux pump MexEF-OprN	Signature modules; Gene set; Drug resistance AUTHORS   Tian ZX, Mac Aogain M, O'Connor HF, Fargier E, Mooij MJ, Adams C, Wang YP, O'Gara F TITLE     MexT modulates virulence determinants in Pseudomonas aeruginosa independent of the MexEF-OprN efflux pump. JOURNAL   Microb Pathog 47:237-41 (2009) DOI:10.1016/j.micpath.2009.08.003 AUTHORS   Depardieu F, Podglajen I, Leclercq R, Collatz E, Courvalin P TITLE     Modes and modulations of antibiotic resistance gene expression. JOURNAL   Clin Microbiol Rev 20:79-114 (2007) DOI:10.1128/CMR.00015-06	K18297 K18298+K18299-K18300 K18298
M00563	0.25	Methanogenesis, methylamine/dimethylamine/trimethylamine => methane	Pathway modules; Energy metabolism; Methane metabolism	K14082 ((K16177-K16176),(K16179-K16178),(K14084-K14083)) K00399+K00401+K00402 (K22480+K22481+K22482,K03388+K03389+K03390,K08264+K08265,K03388+K03389+K03390+K14127+(K14126+K14128,K22516+K00125)) K16176 mtmB; methylamine---corrinoid protein Co-methyltransferase
M00975	0.25	Betaine degradation, bacteria, betaine => pyruvate	Pathway modules; Amino acid metabolism; Serine and threonine metabolism	K00479+K21832 (((K00309,K00315) (K00301,K00302+K00303+K00304+K00305)),K21833+K21834+K25960+K25961) K00600 (K01752,K01754) K00309 dimethylglycine oxidase
M00774	0.25	Erythromycin biosynthesis, propanoyl-CoA + methylmalonyl-CoA => deoxyerythronolide B => erythromycin A/B	Pathway modules; Biosynthesis of terpenoids and polyketides; Macrolide biosynthesis	K10817+K24563+K24564 K14366 K14367 K14368+K15997 K14370 K14369 K14366 eryF; 6-deoxyerythronolide B hydroxylase
M00147	0.24489795918367346	NADH dehydrogenase (ubiquinone) 1 beta subcomplex	Pathway modules; Energy metabolism; ATP synthesis	K03957+K03958+K03959+K03960+K03961+K03962+K03963+K03964+K03965+K03966+K11351+K03967+K03968 K03958 NADH dehydrogenase (ubiquinone) 1 beta subcomplex 2 K03959 NADH dehydrogenase (ubiquinone) 1 beta subcomplex 3 K03960 NADH dehydrogenase (ubiquinone) 1 beta subcomplex 4 K03961 NADH dehydrogenase (ubiquinone) 1 beta subcomplex 5 K03962 NADH dehydrogenase (ubiquinone) 1 beta subcomplex 6 K03963 NADH dehydrogenase (ubiquinone) 1 beta subcomplex 7 K03964 NADH dehydrogenase (ubiquinone) 1 beta subcomplex 8 K03965 NADH dehydrogenase (ubiquinone) 1 beta subcomplex 9 K03966 NADH dehydrogenase (ubiquinone) 1 beta subcomplex 10 K11351 NADH dehydrogenase (ubiquinone) 1 beta subcomplex 11 K03967 NADH dehydrogenase (ubiquinone) 1 subcomplex unknown 1 K03968 NADH dehydrogenase (ubiquinone)
M00160	0.23529411764705882	V-type ATPase, eukaryotes	Pathway modules; Energy metabolism; ATP synthesis	K02145+K02147+K02148+K02149+K02150+K02151+K02152+K02144+K02154+(K03661,K02155)+K02146+K02153+K03662 K02147
M00736	0.2222222222222222	Nocardicin A biosynthesis, L-pHPG + arginine + serine => nocardicin A	Pathway modules; Biosynthesis of other secondary metabolites; Biosynthesis of beta-lactams	K19102+K19103+K05375 K19104 K19105 K19106 K05375 MbtH protein
M00775	0.2222222222222222	Oleandomycin biosynthesis, malonyl-CoA + methylmalonyl-CoA => 8,8a-deoxyoleandolide => oleandomycin	Pathway modules; Biosynthesis of terpenoids and polyketides; Macrolide biosynthesis	K16007+K24565+K24566 K16008 K16009 K13320 K16010 K16008 oleP; cytochrome P450 monooxygenase OleP
M00848	0.21428571428571427	Aurachin biosynthesis, anthranilate => aurachin A	Pathway modules; Biosynthesis of other secondary metabolites; Biosynthesis of other antibiotics	K09460 K02078+K14245+K14246+K22798 K22799 K22800 K21272 K21271 K22801 K22802 K02078 auaB; acyl carrier protein
M00573	0.2	Biotin biosynthesis, BioI pathway, long-chain-acyl-ACP => pimeloyl-ACP => biotin	Pathway modules; Metabolism of cofactors and vitamins; Cofactor and vitamin metabolism	K16593 K00652 K19563 K01935 K01012 K00652 bioF; 8-amino-7-oxononanoate synthase
M00538	0.2	Toluene degradation, toluene => benzoate	Pathway modules; Xenobiotics biodegradation; Aromatics degradation	K15760+K15761-K15762+K15763+K15764-K15765 K00055 K00141 K00055 xylB; aryl-alcohol dehydrogenase
M00537	0.2	Xylene degradation, xylene => methylbenzoate	Pathway modules; Xenobiotics biodegradation; Aromatics degradation	K15757+K15758 K00055 K00141 K15758 xylene monooxygenase electron transfer component
M00033	0.2	Ectoine biosynthesis, aspartate => ectoine	Pathway modules; Amino acid metabolism; Serine and threonine metabolism	K00928 K00133 K00836 K06718 K06720 K00133 aspartate-semialdehyde dehydrogenase
M00072	0.2	N-glycosylation by oligosaccharyltransferase	Pathway modules; Glycan metabolism; Glycan biosynthesis	K07151+K12666+K12667+K12668+K12670-K12669-K00730-K12691-K26502-K28202 K12666 OST1; oligosaccharyltransferase complex subunit alpha (ribophorin I) K12667 SWP1; oligosaccharyltransferase complex subunit delta (ribophorin II)
M00892	0.2	UDP-GlcNAc biosynthesis, eukaryotes, Fru-6P => UDP-GlcNAc	Pathway modules; Glycan metabolism; Nucleotide sugar biosynthesis	K00820 K00621 K01836 K00972 K00621 GNPNAT1; glucosamine-phosphate N-acetyltransferase
M00953	0.2	Mugineic acid biosynthesis, methionine => 3-epihydroxymugineic acid	Pathway modules; Biosynthesis of other secondary metabolites; Biosynthesis of phytochemical compounds	K00789 K05953 K14271 K22374 K18054 K05953 nicotianamine synthase
M00730	0.2	Cationic antimicrobial peptide (CAMP) resistance, VraFG transporter	Signature modules; Gene set; Drug resistance	K19077 K19078 K19079+K19080 K19078
M00623	0.2	Phthalate degradation, phthalate => protocatechuate	Pathway modules; Xenobiotics biodegradation; Aromatics degradation	K18068+K18069 K18067 K04102 K18067 phthalate 4,5-cis-dihydrodiol dehydrogenase
M00550	0.2	Ascorbate degradation, ascorbate => D-xylulose-5P	Pathway modules; Carbohydrate metabolism; Other carbohydrate metabolism	K02821+K02822+K03475 K03476 K03078 K03079 K03077 K03476 L-ascorbate 6-phosphate lactonase
M00636	0.2	Phthalate degradation, phthalate => protocatechuate	Pathway modules; Xenobiotics biodegradation; Aromatics degradation	K18251+K18252-K18253-K18254 K18255 K18256 K18255 phtB; phthalate 3,4-cis-dihydrodiol dehydrogenase
M00419	0.2	Cymene degradation, p-cymene => p-cumate	Pathway modules; Xenobiotics biodegradation; Aromatics degradation	K10616+K18293 K10617 K10618 K18293 cymAb; p-cymene methyl-monooxygenase electron transfer component
M00649	0.2	Multidrug resistance, efflux pump AdeABC	Signature modules; Gene set; Drug resistance	K18143 K18144 K18145+K18146-K18147 K18144
M00358	0.18181818181818182	Coenzyme M biosynthesis	Pathway modules; Energy metabolism; Methane metabolism	K08097 K05979 K05884 K13039+K06034 K05979 2-phosphosulfolactate phosphatase
M00971	0.16666666666666666	QS-7 biosynthesis, 2,3-epoxysqualene => QS-7	Pathway modules; Biosynthesis of other secondary metabolites; Biosynthesis of phytochemical compounds	K15813 K20667 K26481 K26482 K26483 K26484 K26485 K26487+K26488 K26489 K26490 K26491 K26493+K26494+K26495 K20667 beta-amyrin 28-monooxygenase
M00935	0.16666666666666666	Methanofuran biosynthesis	Pathway modules; Energy metabolism; Methane metabolism	K09733 K19793 K07144 K18933 K06914 K07072 K19793 mfnC; (5-formylfuran-3-yl)methyl phosphate transaminase
M00633	0.16666666666666666	Semi-phosphorylative Entner-Doudoroff pathway, gluconate/galactonate => glycerate-3P	Pathway modules; Carbohydrate metabolism; Central carbohydrate metabolism	K05308 K18126 K11395 K18978 K18126 2-dehydro-3-deoxygluconokinase
M00808	0.16666666666666666	Violacein biosynthesis, tryptophan => violacein	Pathway modules; Biosynthesis of other secondary metabolites; Biosynthesis of other bacterial compounds	K20086 K20087+K20088 K20089 K20090 K20087 vioB; violacein biosynthesis protein VioB
M00937	0.15	Aflatoxin biosynthesis, malonyl-CoA => aflatoxin B1	Pathway modules; Biosynthesis of other secondary metabolites; Biosynthesis of other fungal compounds	K15316 K17643 K17644 K17645 K17652 K17646 K24440 K24855 K17648 K24439 K24856+K24438+K24857+K24858 K17649 K17650 K17651 K17643 noranthrone monooxygenase
M00552	0.14285714285714285	D-galactonate degradation, De Ley-Doudoroff pathway, D-galactonate => glycerate-3P	Pathway modules; Carbohydrate metabolism; Other carbohydrate metabolism	K01684 K00883 K01631 K00134 K00927 K00883 2-dehydro-3-deoxygalactonokinase
M00939	0.14285714285714285	Pyrimidine degradation, uracil => 3-hydroxypropanoate	Pathway modules; Nucleotide metabolism; Pyrimidine metabolism	K09018+K09024 K09020 K09021 K09023 (K09019,K16066) K09020 rutB; ureidoacrylate peracid hydrolase
M00845	0.14285714285714285	Arginine biosynthesis, glutamate => acetylcitrulline => arginine	Pathway modules; Amino acid metabolism; Arginine and proline metabolism	K22478 K00145 K00821 K09065 K01438 K01940 K01755 K00145 argC; N-acetyl-gamma-glutamyl-phosphate reductase
M00867	0.14285714285714285	KDO2-lipid A modification pathway	Pathway modules; Glycan metabolism; Lipopolysaccharide metabolism	K12977 K03760 K23082+K23083 K23159 K09953 K03760 eptA; lipid A ethanolaminephosphotransferase
M00114	0.125	Ascorbate biosynthesis, plants, fructose-6P => ascorbate	Pathway modules; Carbohydrate metabolism; Other carbohydrate metabolism	K01809 K17497 K00966 K10046 K14190 K10047 K17744 K00225 K17497 phosphomannomutase
M00009	0.125	Citrate cycle (TCA cycle, Krebs cycle)	Pathway modules; Carbohydrate metabolism; Central carbohydrate metabolism	(K01647,K05942,K01659) (K01681,K27802,K01682) (K00031,K00030) ((K00164+K00658,K01616)+K00382,K00174+K00175-K00177-K00176) (K01902+K01903,K01899+K01900,K18118) (K00234+K00235+K00236+(K00237,K25801),K00239+K00240+K00241-(K00242,K18859,K18860),K00244+K00245+K00246-K00247) (K01676,K01679,K01677+K01678) (K00026,K00025,K00024,K00116) K05942 citrate (Re)-synthase
M00826	0.125	C-1027 benzoxazolinate moiety biosynthesis, chorismate => benzoxazolinyl-CoA	Pathway modules; Biosynthesis of terpenoids and polyketides; Enediyne biosynthesis	K20159+K21175 K20156 K21176 K21177 K21178 K21179 K21175 sgcD1; 2-amino-4-deoxychorismate synthase, glutamine amidotransferase component
M00789	0.125	Rebeccamycin biosynthesis, tryptophan => rebeccamycin	Pathway modules; Biosynthesis of other secondary metabolites; Biosynthesis of other bacterial compounds	K14266 K19884 K19885 K19886+K19887 K19888 K19889 K19884 rebO; 7-chloro-L-tryptophan oxidase
M00525	0.1111111111111111	Lysine biosynthesis, acetyl-DAP pathway, aspartate => lysine	Pathway modules; Amino acid metabolism; Lysine metabolism	K00928 K00133 K01714 K00215 K05822 K00841 K05823 K01778 K01586 K00133 aspartate-semialdehyde dehydrogenase
M00805	0.1111111111111111	Staurosporine biosynthesis, tryptophan => staurosporine	Pathway modules; Biosynthesis of other secondary metabolites; Biosynthesis of other bacterial compounds	K20075 K20076 K20077+K20078 K20079 K20080 K20081 K20082 K20076 staD; chromopyrrolic acid synthase
M00823	0.1	Chlortetracycline biosynthesis, pretetramide => chlortetracycline	Pathway modules; Biosynthesis of terpenoids and polyketides; Type II polyketide biosynthesis	K14251 K14252 K14253 K14254 K14255 K14256 K21301 K14257+K21297 K14252 oxyL; 6-methylpretetramide 4-monooxygenase / 4-hydroxy-6-methylpretetramide 12a-monooxygenase
M00837	0.08333333333333333	Prodigiosin biosynthesis, L-proline => prodigiosin	Pathway modules; Biosynthesis of other secondary metabolites; Biosynthesis of other bacterial compounds	K21780+K21781 K21782 K21783 K21784 K21785 K21786 K21428 K21778 K21779 K21787 K21781 pigG; peptidyl carrier protein
M00838	0.08333333333333333	Undecylprodigiosin biosynthesis, L-proline => undecylprodigiosin	Pathway modules; Biosynthesis of other secondary metabolites; Biosynthesis of other bacterial compounds	K21780+K21781 K21782 K21783 K21784 K21785 K27675 K21791 K21792 K21793 K21787 K21781 redO; peptidyl carrier protein
