Module_ID,Name,Definition,Class,Pathway
md:M00005,"PRPP biosynthesis, ribose 5P => PRPP",K00948,Pathway modules; Carbohydrate metabolism; Central carbohydrate metabolism,map00030  Pentose phosphate pathway
md:M00159,"V/A-type ATPase, prokaryotes",K02117+K02118+K02119+K02120+K02121+K02122+K02107+K02123+K02124,Pathway modules; Energy metabolism; ATP synthesis,map00190  Oxidative phosphorylation
md:M00916,"Pyridoxal-P biosynthesis, R5P + glyceraldehyde-3P + glutamine => pyridoxal-P",K06215+K08681,Pathway modules; Metabolism of cofactors and vitamins; Cofactor and vitamin metabolism,map00750  Vitamin B6 metabolism
md:M00914,"Coenzyme A biosynthesis, archaea, 2-oxoisovalerate => 4-phosphopantoate => CoA",K00606 K00077 K06982 K09722 K13038 K02201 K09735,Pathway modules; Metabolism of cofactors and vitamins; Cofactor and vitamin metabolism,map00770  Pantothenate and CoA biosynthesis
md:M00580,"Pentose phosphate pathway, archaea, fructose 6P => ribose 5P","(K08094 (K08093,K13812),K13831) K01807",Pathway modules; Carbohydrate metabolism; Central carbohydrate metabolism,map00030  Pentose phosphate pathway
md:M00049,"Adenine ribonucleotide biosynthesis, IMP => ADP,ATP","K01939 K01756 (K00939,K18532,K18533,K00944) K00940",Pathway modules; Nucleotide metabolism; Purine metabolism,map00230  Purine metabolism
md:M00133,"Polyamine biosynthesis, arginine => agmatine => putrescine => spermidine","(K01584,K01585,K02626) K01480",Pathway modules; Amino acid metabolism; Polyamine biosynthesis,map00330  Arginine and proline metabolism
md:M00621,Glycine cleavage system,"(K00281,K00282+K00283) K00605 K00382",Pathway modules; Amino acid metabolism; Serine and threonine metabolism,"map00260  Glycine, serine and threonine metabolism"
md:M00968,"Pentose bisphosphate pathway (nucleoside degradation), archaea, nucleoside/NMP => 3-PGA/glycerone phosphate","(((K00757,K26211,K26212) (K21056,K26208)),K18931) K18237 (K01601,(K26210 K01636))",Pathway modules; Carbohydrate metabolism; Other carbohydrate metabolism,map00030  Pentose phosphate pathway
md:M00880,"Molybdenum cofactor biosynthesis, GTP => molybdenum cofactor","((K03639 K03637),K20967) (K03635,K21142) (((K03831,K03638) K03750),K15376)",Pathway modules; Metabolism of cofactors and vitamins; Cofactor and vitamin metabolism,map00790  Folate biosynthesis
md:M00002,"Glycolysis, core module involving three-carbon compounds","K01803 ((K00134,K00150) K00927,K11389) (K01834,K15633,K15634,K15635) (K01689,K27394) (K00873,K12406)",Pathway modules; Carbohydrate metabolism; Central carbohydrate metabolism,map00010  Glycolysis / Gluconeogenesis
md:M00620,"Incomplete reductive citrate cycle, acetyl-CoA => oxoglutarate",(K00169+K00170+K00171+K00172) (K01959+K01960) K00024 (K01677+K01678) (K18209+K18210) (K01902+K01903) (K00174+K00175+K00176+K00177),Pathway modules; Energy metabolism; Carbon fixation,map00720  Other carbon fixation pathways
md:M01002,"UDP-GalNAc biosynthesis, Fru-6P => UDP-GalNAc",K00820 K28125 K28126 K23144,Pathway modules; Glycan metabolism; Nucleotide sugar biosynthesis,map00520  Amino sugar and nucleotide sugar metabolism
md:M00365,"C10-C20 isoprenoid biosynthesis, archaea",K01823 K13787,Pathway modules; Biosynthesis of terpenoids and polyketides; Terpenoid backbone biosynthesis,map00900  Terpenoid backbone biosynthesis
md:M00052,"Pyrimidine ribonucleotide biosynthesis, UMP => UDP/UTP,CDP/CTP","(K13800,K13809,K09903) (K00940,K18533) K01937",Pathway modules; Nucleotide metabolism; Pyrimidine metabolism,map00240  Pyrimidine metabolism
md:M00122,"Cobalamin biosynthesis, cobyrinate a,c-diamide => cobalamin","(K00798,K19221) K02232 (K02225,K02227) K02231",Pathway modules; Metabolism of cofactors and vitamins; Cofactor and vitamin metabolism,map00860  Porphyrin metabolism
md:M00849,"C5 isoprenoid biosynthesis, mevalonate pathway, archaea","K00626 K01641 (K00021,K00054) ((K00869 (K17942,(K25517+K09128 K25518+K03186))),(K18689 K18690 K22813)) K06981 K01823",Pathway modules; Biosynthesis of terpenoids and polyketides; Terpenoid backbone biosynthesis,map00900  Terpenoid backbone biosynthesis
md:M00048,"De novo purine biosynthesis, PRPP + glutamine => IMP","K00764 (K01945,K11787,K11788,K13713) (K00601,K11175,K08289,K11787,K01492) (K01952,(K23269+K23264+K23265),(K23270+K23265)) (K01933,K11787,K11788 (K01587,K11808,K01589 K01588)) (K01923,K01587,K13713) K01756 (K00602,(K01492,K06863 K11176))",Pathway modules; Nucleotide metabolism; Purine metabolism,map00230  Purine metabolism
md:M00896,"Thiamine biosynthesis, archaea, AIR (+ NAD+) => TMP/TPP",K22699,Pathway modules; Metabolism of cofactors and vitamins; Cofactor and vitamin metabolism,map00730  Thiamine metabolism
md:M00307,"Pyruvate oxidation, pyruvate => acetyl-CoA","((K00163,K00161+K00162)+K00627+K00382-K13997),K00169+K00170+K00171+(K00172,K00189),K03737",Pathway modules; Carbohydrate metabolism; Central carbohydrate metabolism,map00010  Glycolysis / Gluconeogenesis
md:M00913,"Pantothenate biosynthesis, 2-oxoisovalerate/spermine => pantothenate",K00606 K00077,Pathway modules; Metabolism of cofactors and vitamins; Cofactor and vitamin metabolism,map00770  Pantothenate and CoA biosynthesis
md:M00050,"Guanine ribonucleotide biosynthesis, IMP => GDP,GTP","K00088 K01951 K00942 (K00940,K18533)",Pathway modules; Nucleotide metabolism; Purine metabolism,map00230  Purine metabolism
md:M00895,"Thiamine biosynthesis, prokaryotes, AIR (+ DXP/glycine) => TMP/TPP",K03148+K03154 K03151,Pathway modules; Metabolism of cofactors and vitamins; Cofactor and vitamin metabolism,map00730  Thiamine metabolism
md:M00995,"UDP-MurNAc biosynthesis, Fru-6P => UDP-MurNAc",K00820 K03431 K04042 K00790 K00075,Pathway modules; Glycan metabolism; Nucleotide sugar biosynthesis,map00520  Amino sugar and nucleotide sugar metabolism
md:M00115,"NAD biosynthesis, aspartate => quinolinate => NAD","(K00278,K06989) K03517 K00767 (K00969,K06210) (K01916,K01950)",Pathway modules; Metabolism of cofactors and vitamins; Cofactor and vitamin metabolism,map00760  Nicotinate and nicotinamide metabolism
md:M00003,"Gluconeogenesis, oxaloacetate => fructose-6P","(K01596,K01610) (K01689,K27394) (K01834,K15633,K15634,K15635) K00927 (K00134,K00150) K01803 ((K01623,K01624,K11645) (K03841,K02446,K11532,K01086,K04041),K01622)",Pathway modules; Carbohydrate metabolism; Central carbohydrate metabolism,map00010  Glycolysis / Gluconeogenesis
md:M00988,"PreQ1 biosynthesis, GTP => 7-Aminomethyl-7-deazaguanine","(K01495,K09007,K22391) K01737 K10026 K06920 (K06879,K09457)",Pathway modules; Metabolism of cofactors and vitamins; Cofactor and vitamin metabolism,map00790  Folate biosynthesis
md:M00345,"Formaldehyde assimilation, ribulose monophosphate pathway","(((K08093,K13812) K08094),K13831) (K00850,K16370,K21071) K01624",Pathway modules; Energy metabolism; Methane metabolism,map00030  Pentose phosphate pathway
md:M00909,"UDP-GlcNAc biosynthesis, prokaryotes, Fru-6P => UDP-GlcNAc","K00820 (K03431,K28126) (K04042,K23144,(K28192 (K11528,K00972)))",Pathway modules; Glycan metabolism; Nucleotide sugar biosynthesis,map00520  Amino sugar and nucleotide sugar metabolism
md:M00127,"Thiamine biosynthesis, prokaryotes, AIR (+ DXP/tyrosine) => TMP/TPP",K03148+K03154 K03151,Pathway modules; Metabolism of cofactors and vitamins; Cofactor and vitamin metabolism,map00730  Thiamine metabolism
md:M00938,"Pyrimidine deoxyribonucleotide biosynthesis, UDP => dTTP","(K00525+K00526,K10807+K10808) (K00940,K18533) K01520 (K00560,K13998,K03465) K00943",Pathway modules; Nucleotide metabolism; Pyrimidine metabolism,map00240  Pyrimidine metabolism
md:M00843,"L-threo-Tetrahydrobiopterin biosynthesis, GTP => L-threo-BH4",K01495 K01737 K17745,Pathway modules; Metabolism of cofactors and vitamins; Cofactor and vitamin metabolism,map00790  Folate biosynthesis
md:M01000,"GDP-Man biosynthesis, Fru-6P => GDP-Man","(K01809,K15916,K16011) (K17497,K01840,K15778,K16881) (K00966,K00971,K16011,K16881)",Pathway modules; Glycan metabolism; Nucleotide sugar biosynthesis,map00520  Amino sugar and nucleotide sugar metabolism
md:M01004,"UDP-Galf biosynthesis, UDP-Glc => UDP-Galf","K01784 (K01854,K28214)",Pathway modules; Glycan metabolism; Nucleotide sugar biosynthesis,map00520  Amino sugar and nucleotide sugar metabolism
md:M00119,"Pantothenate biosynthesis, valine/L-aspartate => pantothenate",K00826 K00606 K00077,Pathway modules; Metabolism of cofactors and vitamins; Cofactor and vitamin metabolism,map00770  Pantothenate and CoA biosynthesis
md:M00020,"Serine biosynthesis, glycerate-3P => serine","K00058 K00831 (K01079,K02203,K22305,K25528)",Pathway modules; Amino acid metabolism; Serine and threonine metabolism,"map00260  Glycine, serine and threonine metabolism"
md:M00053,"Deoxyribonucleotide biosynthesis, ADP/GDP/CDP/UDP => dATP/dGTP/dCTP/dUTP","(K00525+K00526,K10807+K10808) (K00940,K18533)",Pathway modules; Nucleotide metabolism; Purine metabolism,map00230  Purine metabolism
md:M00051,"De novo pyrimidine biosynthesis, glutamine (+ PRPP) => UMP","(K11540,(K11541 K01465),((K01954,K01955+K01956) (K00609+K00610,K00608) K01465)) (K00226,K00254,K17828) (K13421,K00762 K01591)",Pathway modules; Nucleotide metabolism; Pyrimidine metabolism,map00240  Pyrimidine metabolism
md:M00842,"Tetrahydrobiopterin biosynthesis, GTP => BH4",K01495 K01737 K00072,Pathway modules; Metabolism of cofactors and vitamins; Cofactor and vitamin metabolism,map00790  Folate biosynthesis
md:M00741,"Propanoyl-CoA metabolism, propanoyl-CoA => succinyl-CoA","(K01965+K01966,K11263+(K18472,K27094+K27095,K19312+K22568),K01964+K15036+K15037) K05606 (K01847,K01848+K01849)",Pathway modules; Carbohydrate metabolism; Other carbohydrate metabolism,"map00280  Valine, leucine and isoleucine degradation"
md:M00034,Methionine salvage pathway,"K00789 K01611 K00797 ((K01243,K01244) K00899,(K00772,K05810)) K08963 (K16054,K08964 (K09880,K08965 K08966)) K08967 (K00815,K08969,K23977,K00832,K00838)",Pathway modules; Amino acid metabolism; Cysteine and methionine metabolism,map00270  Cysteine and methionine metabolism
md:M00346,"Formaldehyde assimilation, serine pathway",K00600 K00830 K00018 K11529 K01689 K01595 K00024 K08692+K14067 K08691,Pathway modules; Energy metabolism; Methane metabolism,map00680  Methane metabolism
md:M00001,"Glycolysis (Embden-Meyerhof pathway), glucose => pyruvate","(K00844,K12407,K00845,K25026,K00886,K08074,K00918) (K01810,K06859,K13810,K15916) (K00850,K16370,K21071,K24182,K00918) (K01623,K01624,K11645,K16305,K16306) K01803 ((K00134,K00150) K00927,K11389) (K01834,K15633,K15634,K15635) (K01689,K27394) (K00873,K12406)",Pathway modules; Carbohydrate metabolism; Central carbohydrate metabolism,map00010  Glycolysis / Gluconeogenesis
md:M00565,"Trehalose biosynthesis, D-glucose 1P => trehalose","K00975 K00703 (K00700,K16149) K01214 K06044 K01236",Pathway modules; Carbohydrate metabolism; Other carbohydrate metabolism,map00500  Starch and sucrose metabolism
md:M00854,"Glycogen biosynthesis, glucose-1P => glycogen/starch","(K00963 (K00693+K00750,K16150,K16153,K13679,K20812)),(K00975 (K00703,K13679,K20812)) (K00700,K16149)",Pathway modules; Carbohydrate metabolism; Other carbohydrate metabolism,map00500  Starch and sucrose metabolism
md:M00165,Reductive pentose phosphate cycle (Calvin cycle),"K00855 (K01601-K01602) K00927 (K05298,K00150,K00134) K01803 (K01623,K01624) (K03841,K02446,K11532,K01086) K00615 (K01100,K11532,K01086) (K01807,K01808) K01783",Pathway modules; Energy metabolism; Carbon fixation,map00710  Carbon fixation by Calvin cycle
md:M00364,"C10-C20 isoprenoid biosynthesis, bacteria","K01823 (K00795,K13789,K13787)",Pathway modules; Biosynthesis of terpenoids and polyketides; Terpenoid backbone biosynthesis,map00900  Terpenoid backbone biosynthesis
md:M00978,Ornithine-ammonia cycle,"K01915 K01955+K01956 K00611 K01940 K01755 (K27542,K27545)",Pathway modules; Amino acid metabolism; Arginine and proline metabolism,map00220  Arginine biosynthesis
md:M00986,"Sulfur reduction, sulfur => sulfide","K18367,(K17219+K17220+K17221)",Pathway modules; Energy metabolism; Sulfur metabolism,map00920  Sulfur metabolism
md:M00921,"Cyclooctatin biosynthesis, dimethylallyl-PP + isopentenyl-PP => cyclooctatin",K13787 K18686 K22997 K22998,Pathway modules; Biosynthesis of other secondary metabolites; Biosynthesis of other bacterial compounds,map00997  Biosynthesis of various other secondary metabolites
md:M00892,"UDP-GlcNAc biosynthesis, eukaryotes, Fru-6P => UDP-GlcNAc",K00820 K00621 K01836 K00972,Pathway modules; Glycan metabolism; Nucleotide sugar biosynthesis,map00520  Amino sugar and nucleotide sugar metabolism
md:M00368,"Ethylene biosynthesis, methionine => ethylene","K00789 (K01762,K20772) K05933",Pathway modules; Amino acid metabolism; Cysteine and methionine metabolism,map00270  Cysteine and methionine metabolism
md:M00173,Reductive citrate cycle (Arnon-Buchanan cycle),"(K00169+K00170+K00171+K00172,K03737) ((K01007,K01006) K01595,K01959+K01960,K01958) K00024 (K01676,K01679,K01677+K01678) (K00239+K00240-K00241-K00242,K18556+K18557+K18558+K18559+K18560) (K01902+K01903) (K00174+K00175-K00177-K00176) K00031 (K01681,K27802,K01682) (K15230+K15231,K15232+K15233 K15234)",Pathway modules; Energy metabolism; Carbon fixation,map00720  Other carbon fixation pathways
md:M00532,Photorespiration,"(K01601-K01602) K19269 K11517 K03781 (K14272,K00830,K00827) K00600 K00830 (K15893,K15919) K15918",Pathway modules; Carbohydrate metabolism; Other carbohydrate metabolism,map00630  Glyoxylate and dicarboxylate metabolism
md:M00632,"Galactose degradation, Leloir pathway, galactose => alpha-D-glucose-1P",K01785 K00849 K00965 K01784,Pathway modules; Carbohydrate metabolism; Other carbohydrate metabolism,map00052  Galactose metabolism
md:M00844,"Arginine biosynthesis, ornithine => arginine","K00611 K01940 (K01755,K14681)",Pathway modules; Amino acid metabolism; Arginine and proline metabolism,map00220  Arginine biosynthesis
md:M00035,Methionine degradation,"K00789 (K00552,K00558,K17398,K17399) K01251 (K01697,K10150)",Pathway modules; Amino acid metabolism; Cysteine and methionine metabolism,map00270  Cysteine and methionine metabolism
md:M00095,"C5 isoprenoid biosynthesis, mevalonate pathway","K00626 K01641 K00021 K00869 (K00938,K13273) K01597 K01823",Pathway modules; Biosynthesis of terpenoids and polyketides; Terpenoid backbone biosynthesis,map00900  Terpenoid backbone biosynthesis
md:M00141,"C1-unit interconversion, eukaryotes","K00600 (K00288,(K13403 K13402))",Pathway modules; Metabolism of cofactors and vitamins; Cofactor and vitamin metabolism,map00670  One carbon pool by folate
md:M00627,"beta-Lactam resistance, Bla system","K02172 K02171 (K18766,K17836)",Signature modules; Gene set; Drug resistance,map01501  beta-Lactam resistance
md:M00950,"Biotin biosynthesis, BioU pathway, pimeloyl-ACP/CoA => biotin",K00652 K25570 K01935 K01012,Pathway modules; Metabolism of cofactors and vitamins; Cofactor and vitamin metabolism,map00780  Biotin metabolism
md:M00373,Ethylmalonyl pathway,K00626 K00023 K17865 K14446 K14447 K14448 K14449 K08691 K14451,Pathway modules; Carbohydrate metabolism; Other carbohydrate metabolism,map00630  Glyoxylate and dicarboxylate metabolism
md:M00912,"NAD biosynthesis, tryptophan => quinolinate => NAD","(K00453,K00463) (K01432,K14263,K07130) K00486 K01556 K00452 K00767 (K00969,K06210) (K01916,K01950)",Pathway modules; Metabolism of cofactors and vitamins; Cofactor and vitamin metabolism,map00380  Tryptophan metabolism
md:M00374,Dicarboxylate-hydroxybutyrate cycle,"(K00169+K00170+K00171+K00172) K01007 K01595 K00024 (K01677+K01678) (K00239+K00240-K00241-K18860) (K01902+K01903) (K15038,K15017) K14465 (K14467,K18861,K25774) K14534 K15016 K00626",Pathway modules; Energy metabolism; Carbon fixation,map00720  Other carbon fixation pathways
md:M00018,"Threonine biosynthesis, aspartate => homoserine => threonine","(K00928,K12524,K12525,K12526) K00133 (K00003,K12524,K12525) (K00872,K02204,K02203) K01733",Pathway modules; Amino acid metabolism; Serine and threonine metabolism,"map00260  Glycine, serine and threonine metabolism"
md:M00140,"C1-unit interconversion, prokaryotes","K00600 (K01491,(K00300 K01500)) K01938",Pathway modules; Metabolism of cofactors and vitamins; Cofactor and vitamin metabolism,map00670  One carbon pool by folate
md:M00897,"Thiamine biosynthesis, plants, AIR (+ NAD+) => TMP/thiamine/TPP",K03146,Pathway modules; Metabolism of cofactors and vitamins; Cofactor and vitamin metabolism,map00730  Thiamine metabolism
md:M00855,"Glycogen degradation, glycogen => glucose-6P","(K00688,K16153) (K01196,((K00705,K22451) (K02438,K01200))) (K15779,K01835,K15778)",Pathway modules; Carbohydrate metabolism; Other carbohydrate metabolism,map00500  Starch and sucrose metabolism
md:M00552,"D-galactonate degradation, De Ley-Doudoroff pathway, D-galactonate => glycerate-3P",K01684 K00883 K01631 K00134 K00927,Pathway modules; Carbohydrate metabolism; Other carbohydrate metabolism,map00052  Galactose metabolism
md:M00573,"Biotin biosynthesis, BioI pathway, long-chain-acyl-ACP => pimeloyl-ACP => biotin",K16593 K00652 K19563 K01935 K01012,Pathway modules; Metabolism of cofactors and vitamins; Cofactor and vitamin metabolism,map00780  Biotin metabolism
md:M00953,"Mugineic acid biosynthesis, methionine => 3-epihydroxymugineic acid",K00789 K05953 K14271 K22374 K18054,Pathway modules; Biosynthesis of other secondary metabolites; Biosynthesis of phytochemical compounds,map00999  Biosynthesis of various plant secondary metabolites
md:M00376,3-Hydroxypropionate bi-cycle,"(K02160+K01961+K01962+K01963) K14468 K14469 K15052 K05606 (K01847,K01848+K01849) (K14471+K14472) (K00239+K00240+K00241) K01679",Pathway modules; Energy metabolism; Carbon fixation,map00720  Other carbon fixation pathways
md:M00577,"Biotin biosynthesis, BioW pathway, pimelate => pimeloyl-CoA => biotin","K01906 K00652 (K00833,K19563) K01935 K01012",Pathway modules; Metabolism of cofactors and vitamins; Cofactor and vitamin metabolism,map00780  Biotin metabolism
md:M00935,Methanofuran biosynthesis,K09733 K19793 K07144,Pathway modules; Energy metabolism; Methane metabolism,map00680  Methane metabolism
md:M00609,"Cysteine biosynthesis, methionine => cysteine",K00789 K17462 K01243 K07173 K17216 K17217,Pathway modules; Amino acid metabolism; Cysteine and methionine metabolism,map00270  Cysteine and methionine metabolism
md:M00123,"Biotin biosynthesis, pimeloyl-ACP/CoA => biotin","K00652 ((K00833,K19563) K01935,K19562) K01012",Pathway modules; Metabolism of cofactors and vitamins; Cofactor and vitamin metabolism,map00780  Biotin metabolism
md:M00007,"Pentose phosphate pathway, non-oxidative phase, fructose 6P => ribose 5P","K00615 (K00616,K13810) K01783 (K01807,K01808)",Pathway modules; Carbohydrate metabolism; Central carbohydrate metabolism,map00030  Pentose phosphate pathway
md:M00029,Urea cycle,"K01948 K00611 K01940 (K01755,K14681) K01476",Pathway modules; Amino acid metabolism; Arginine and proline metabolism,map00220  Arginine biosynthesis
md:M00120,"Coenzyme A biosynthesis, pantothenate => CoA","(K00867,K03525,K01947,K09680) ((K01922,K21977) K01598,K13038) (K02318,(K00954,K02201) K00859)",Pathway modules; Metabolism of cofactors and vitamins; Cofactor and vitamin metabolism,map00770  Pantothenate and CoA biosynthesis
md:M00375,Hydroxypropionate-hydroxybutylate cycle,"(K01964+K15037+K15036) K15017 K15039 K15018 K15019 K15020 K05606 (K01848+K01849) (K15038,K15017) K14465 (K14466,K18861,K25774) K14534 K15016 K00626",Pathway modules; Energy metabolism; Carbon fixation,map00720  Other carbon fixation pathways
md:M00622,"Nicotinate degradation, nicotinate => fumarate",K18029+K18030 K14974 K18028 K15357 K13995 K01799,Pathway modules; Metabolism of cofactors and vitamins; Cofactor and vitamin metabolism,map00760  Nicotinate and nicotinamide metabolism
md:M00308,"Semi-phosphorylative Entner-Doudoroff pathway, gluconate => glycerate-3P","K05308 K00874 K01625 (K00134 K00927,K00131,K18978)",Pathway modules; Carbohydrate metabolism; Central carbohydrate metabolism,map00030  Pentose phosphate pathway
md:M00004,Pentose phosphate pathway (Pentose phosphate cycle),"(K13937,((K00036,K19243) (K01057,K07404))) K00033 K01783 (K01807,K01808) K00615 ((K00616 (K01810,K06859,K15916)),K13810)",Pathway modules; Carbohydrate metabolism; Central carbohydrate metabolism,map00030  Pentose phosphate pathway
md:M00309,"Non-phosphorylative Entner-Doudoroff pathway, gluconate/galactonate => glycerate","K05308 (K11395,K18127) (K18020+K18021+K18022,K18128,K03738)",Pathway modules; Carbohydrate metabolism; Central carbohydrate metabolism,map00030  Pentose phosphate pathway
md:M00114,"Ascorbate biosynthesis, plants, fructose-6P => ascorbate",K01809 K17497 K00966 K10046 K14190 K10047 K17744 K00225,Pathway modules; Carbohydrate metabolism; Other carbohydrate metabolism,map00051  Fructose and mannose metabolism
md:M00011,"Citrate cycle, second carbon oxidation, 2-oxoglutarate => oxaloacetate","((K00164+K00658,K01616)+K00382,K00174+K00175-K00177-K00176) (K01902+K01903,K01899+K01900,K18118) (K00234+K00235+K00236+(K00237,K25801),K00239+K00240+K00241-(K00242,K18859,K18860),K00244+K00245+K00246-K00247) (K01676,K01679,K01677+K01678) (K00026,K00025,K00024,K00116)",Pathway modules; Carbohydrate metabolism; Central carbohydrate metabolism,map00020  Citrate cycle (TCA cycle)
md:M00176,"Assimilatory sulfate reduction, sulfate => H2S","(K00958+K00860,K00955+K00957,K00956+K00957+K00860) K00390 (K00380+K00381,K00392)",Pathway modules; Energy metabolism; Sulfur metabolism,map00920  Sulfur metabolism
md:M00989,"Ubiquinone biosynthesis, O2-independent, prokaryotes, chorismate (+ polyprenyl-PP) => ubiquinol","(K03181,K18240) K03179 K03182+K03186 K24844+K24845+K24843 K00568 K03183",Pathway modules; Metabolism of cofactors and vitamins; Cofactor and vitamin metabolism,map00130  Ubiquinone and other terpenoid-quinone biosynthesis
md:M00009,"Citrate cycle (TCA cycle, Krebs cycle)","(K01647,K05942,K01659) (K01681,K27802,K01682) (K00031,K00030) ((K00164+K00658,K01616)+K00382,K00174+K00175-K00177-K00176) (K01902+K01903,K01899+K01900,K18118) (K00234+K00235+K00236+(K00237,K25801),K00239+K00240+K00241-(K00242,K18859,K18860),K00244+K00245+K00246-K00247) (K01676,K01679,K01677+K01678) (K00026,K00025,K00024,K00116)",Pathway modules; Carbohydrate metabolism; Central carbohydrate metabolism,map00020  Citrate cycle (TCA cycle)
md:M00596,"Dissimilatory sulfate reduction, sulfate => H2S",K00958 (K00394+K00395) (K11180+K11181-K27196) (K27187+K27188+K27189+K27190+K27191),Pathway modules; Energy metabolism; Sulfur metabolism,map00920  Sulfur metabolism
md:M00038,"Tryptophan metabolism, tryptophan => kynurenine => 2-aminomuconate","(K00453,K00463) (K01432,K14263,K07130) K00486 K01556 K00452 K03392 (K10217,K23234)",Pathway modules; Amino acid metabolism; Aromatic amino acid metabolism,map00380  Tryptophan metabolism
md:M00117,"Ubiquinone biosynthesis, prokaryotes, chorismate (+ polyprenyl-PP) => ubiquinol","(K03181,K18240) K03179 K03182+K03186 K18800 K00568 K03185 K03183 (K03184,K06134)",Pathway modules; Metabolism of cofactors and vitamins; Cofactor and vitamin metabolism,map00130  Ubiquinone and other terpenoid-quinone biosynthesis
md:M00055,N-glycan precursor biosynthesis,K01001 (K07432+K07441) K03842 K03843 K03844 K03845 K03846 K03847 K03846 K00729 K03848 K03849 K03850,Pathway modules; Glycan metabolism; Glycan biosynthesis,map00510  N-Glycan biosynthesis
md:M00017,"Methionine biosynthesis, aspartate => homoserine => methionine","(K00928,K12524,K12525) K00133 (K00003,K12524,K12525) (K00651,K00641) K01739 (K01760,K14155) (K00548,K24042,K00549)",Pathway modules; Amino acid metabolism; Cysteine and methionine metabolism,map00270  Cysteine and methionine metabolism
md:M00023,"Tryptophan biosynthesis, chorismate => tryptophan","(((K01657+K01658,K13503,K13501,K01656) K00766),K13497) (((K01817,K24017) (K01656,K01609)),K13498,K13501) (K01695+(K01696,K06001),K01694)",Pathway modules; Amino acid metabolism; Aromatic amino acid metabolism,"map00400  Phenylalanine, tyrosine and tryptophan biosynthesis"
md:M00126,"Tetrahydrofolate biosynthesis, GTP => THF","(K01495,K09007,K22391) (K01077,K01113,(K08310,K19965)) ((K13939,(K13940,K01633 K00950) K00796),(K01633 K13941)) (K11754,K20457) (K00287,K13998)",Pathway modules; Metabolism of cofactors and vitamins; Cofactor and vitamin metabolism,map00790  Folate biosynthesis
md:M00026,"Histidine biosynthesis, PRPP => histidine","(K00765-K02502) (K01523 K01496,K11755,K14152) (K01814,K24017) (K02501+K02500,K01663) ((K01693 K00817 (K04486,K05602,K18649)),(K01089 K00817)) (K00013,K14152)",Pathway modules; Amino acid metabolism; Histidine metabolism,map00340  Histidine metabolism
md:M00098,Acylglycerol degradation,"(K01046,K12298,K16816,K13534,K14073,K14074,K14075,K14076,K22283,K14452,K22284,K14674,K14675,K17900) (K01054,K25824)",Pathway modules; Lipid metabolism; Lipid metabolism,map00561  Glycerolipid metabolism
md:M00975,"Betaine degradation, bacteria, betaine => pyruvate","K00479+K21832 (((K00309,K00315) (K00301,K00302+K00303+K00304+K00305)),K21833+K21834+K25960+K25961) K00600 (K01752,K01754)",Pathway modules; Amino acid metabolism; Serine and threonine metabolism,"map00260  Glycine, serine and threonine metabolism"
md:M00959,"Guanine ribonucleotide degradation, GMP => Urate","(K01081,K19970,K11751,K03787,K02566,K08693,K20881) (K03783,K03784,K09913,K05810) K01487 (K00106,K00087+K13479+K13480,K13481+K13482,K11177+K11178+K13483)",Pathway modules; Nucleotide metabolism; Purine metabolism,map00230  Purine metabolism
md:M00958,"Adenine ribonucleotide degradation, AMP => Urate","((K01490 (K01081,K19970,K03787,K18550)),((K01081,K19970,K11751,K03787,K02566,K08693) (K01488,K19572,K05810))) (K03783,K03784,K09913,K05810) (K00106,K00087+K13479+K13480,K13481+K13482,K11177+K11178+K13483)",Pathway modules; Nucleotide metabolism; Purine metabolism,map00230  Purine metabolism
md:M00567,"Methanogenesis, CO2 => methane","(K00200+K00201+K00202+K00203-K11261+(K00205,K11260,K00204)) K00672 K01499 (K00319,K13942) K00320 (K00577+K00578+K00579+K00580+K00581-K00582-K00583+K00584) (K00399+K00401+K00402) (K22480+K22481+K22482,K03388+K03389+K03390,K08264+K08265,K03388+K03389+K03390+K14127+(K14126+K14128,K22516+K00125))",Pathway modules; Energy metabolism; Methane metabolism,map00680  Methane metabolism
